PolygonID,LCID,HydroSG,CN,Acres,PCT_Area,CCN,CatchmentID
1,22,,,0.1482763,0.0000625,,1
2,22,B,69,0.0271091,0.0000114,0.0007886,1
3,22,,,0.27306,0.0001151,,1
4,22,,,0.1424717,0.0000601,,1
5,22,,,0.6671845,0.0002813,,1
6,22,B,69,0.0245294,0.0000103,0.0007136,1
7,22,,,0.1142889,0.0000482,,1
8,22,D,84,0.0199813,0.0000084,0.0007076,1
9,22,,,2.5808301,0.0010881,,1
10,22,B,69,0.0077633,0.0000033,0.0002258,1
11,22,,,0.9178653,0.000387,,1
12,22,B,69,0.0330123,0.0000139,0.0009604,1
13,22,,,0.1191747,0.0000502,,1
14,22,,,0.0878787,0.0000371,,1
15,22,B,69,0.054593,0.000023,0.0015882,1
16,21,B,69,0.0012149,0.0000005,0.0000353,4
17,22,B,69,0.0482412,0.0000203,0.0014034,2
18,22,B,69,0.9097126,0.0003835,0.0264647,2
19,41,D,79,0.4667716,0.0001968,0.015547,2
20,41,B,60,0.1392232,0.0000587,0.0035219,2
21,41,B,60,0.0041673,0.0000018,0.0001054,2
22,41,B,60,1.4907496,0.0006285,0.0377112,2
23,22,B,69,0.0614933,0.0000259,0.0017889,1
24,22,,,0.3832964,0.0001616,,1
25,22,B,69,0.0729516,0.0000308,0.0021223,2
26,22,,,0.2223948,0.0000938,,1
27,21,,,0.1424717,0.0000601,,1
28,22,C,79,0.0140375,0.0000059,0.0004676,4
29,22,B,69,0.0285991,0.0000121,0.000832,4
30,22,B,69,0.762781,0.0003216,0.0221903,4
31,22,B,69,0.34859,0.000147,0.0101409,4
32,41,D,79,1.0833457,0.0004568,0.0360835,2
33,41,B,60,0.4654485,0.0001962,0.0117744,2
34,41,B,60,0.0123383,0.0000052,0.0003121,2
35,41,B,60,0.0491604,0.0000207,0.0012436,2
36,22,B,69,0.0820388,0.0000346,0.0023866,2
37,41,B,60,0.7663587,0.0003231,0.0193864,1
38,41,C,73,1.7792743,0.0007502,0.0547621,4
39,41,B,60,1.0304341,0.0004344,0.0260667,4
40,41,B,60,0.210915,0.0000889,0.0053355,4
41,41,B,60,0.9004576,0.0003796,0.0227787,4
42,41,D,79,0.189964,0.0000801,0.0063272,2
43,41,B,60,0.2548257,0.0001074,0.0064463,2
44,22,B,69,0.9703802,0.0004091,0.0282297,2
45,21,D,84,0.0388989,0.0000164,0.0013776,2
46,21,B,69,0.183496,0.0000774,0.0053381,2
47,22,B,69,0.6034104,0.0002544,0.017554,3
48,41,D,79,0.5349762,0.0002256,0.0178187,2
49,41,B,60,0.0557601,0.0000235,0.0014106,2
50,23,B,69,0.2223948,0.0000938,0.0064698,3
51,23,B,69,0.0392758,0.0000166,0.0011426,3
52,22,B,69,0.2092331,0.0000882,0.0060869,2
53,52,D,79,0.2221999,0.0000937,0.0074009,2
54,52,B,60,0.0001949,0.0000001,0.0000049,2
55,22,C,79,0.0000014,0,0,4
56,22,B,69,0.172334,0.0000727,0.0050134,4
57,22,,,0.0500594,0.0000211,,4
58,23,B,69,0.1424717,0.0000601,0.0041447,3
59,22,B,69,0.9119404,0.0003845,0.0265296,3
60,21,B,69,0.1424174,0.00006,0.0041431,2
61,43,D,79,0.0932205,0.0000393,0.0031049,2
62,43,B,60,0.1291744,0.0000545,0.0032677,2
63,23,B,69,3.189976,0.0013449,0.0928006,2
64,22,B,69,0.2584471,0.000109,0.0075186,2
65,22,B,69,0.2262706,0.0000954,0.0065825,1
66,22,,,5.0579224,0.0021325,,1
67,23,B,69,0.0812986,0.0000343,0.0023651,4
68,23,B,69,0.0159866,0.0000067,0.0004651,5
69,23,,,0.7922941,0.000334,,4
70,22,B,69,0.0093215,0.0000039,0.0002712,4
71,22,,,0.2130734,0.0000898,,4
72,22,B,69,0.0431008,0.0000182,0.0012539,4
73,22,C,79,0.1792941,0.0000756,0.0059718,4
74,22,B,69,0.5231105,0.0002206,0.015218,3
75,52,D,79,0.5804231,0.0002447,0.0193324,2
76,52,B,60,0.021025,0.0000089,0.0005319,2
77,52,B,60,0.6573415,0.0002771,0.0166286,2
78,43,D,79,0.2190149,0.0000923,0.0072948,2
79,43,B,60,0.4481696,0.000189,0.0113373,2
80,22,D,84,0.0247204,0.0000104,0.0008755,5
81,22,B,69,0.0731264,0.0000308,0.0021273,5
82,22,,,0.1245481,0.0000525,,5
83,41,B,60,0.603812,0.0002546,0.0152745,4
84,41,C,73,0.1890681,0.0000797,0.0058191,4
85,41,,,0.0966993,0.0000408,,4
86,22,B,69,1.9993446,0.000843,0.0581636,4
87,22,B,69,0.0008083,0.0000003,0.0000235,4
88,22,B,69,0.0275706,0.0000116,0.0008021,4
89,22,C,79,0.080852,0.0000341,0.002693,4
90,22,B,69,2.4746671,0.0010434,0.0719913,3
91,43,D,79,0.1521871,0.0000642,0.005069,2
92,22,B,69,0.4222215,0.000178,0.012283,4
93,22,C,79,0.0225682,0.0000095,0.0007517,4
94,22,B,69,0.3036887,0.000128,0.0088347,3
95,41,B,60,0.1521522,0.0000641,0.003849,4
96,41,C,73,0.0510496,0.0000215,0.0015712,4
97,41,,,0.0191931,0.0000081,,4
98,24,B,,0.2584743,0.000109,,4
99,23,B,69,0.8807213,0.0003713,0.0256213,4
100,23,B,69,1.7370515,0.0007324,0.0505331,4
101,23,C,79,0.0646757,0.0000273,0.0021542,4
102,23,B,69,0.7918367,0.0003338,0.0230356,3
103,21,B,69,0.1012792,0.0000427,0.0029463,3
104,23,B,69,0.0007267,0.0000003,0.0000211,3
105,23,C,79,0.3248642,0.000137,0.0108204,3
106,23,B,69,0.1277073,0.0000538,0.0037152,3
107,23,B,69,0.165863,0.0000699,0.0048252,3
108,23,B,69,0.04875,0.0000206,0.0014182,3
109,22,B,69,0.0290046,0.0000122,0.0008438,3
110,22,B,69,0.1231825,0.0000519,0.0035835,3
111,21,B,69,0.0303309,0.0000128,0.0008824,3
112,21,B,69,0.0030889,0.0000013,0.0000899,3
113,22,B,69,0.4447897,0.0001875,0.0129395,4
114,23,B,69,0.4447897,0.0001875,0.0129395,4
115,22,C,79,0.2313288,0.0000975,0.007705,3
116,22,B,69,0.3699297,0.000156,0.0107617,3
117,22,B,69,0.0006691,0.0000003,0.0000195,3
118,22,B,69,0.3737646,0.0001576,0.0108733,3
119,22,C,79,0.0844804,0.0000356,0.0028138,4
120,22,B,69,0.1379144,0.0000581,0.0040121,4
121,23,B,69,0.2223948,0.0000938,0.0064698,3
122,22,B,69,0.2223948,0.0000938,0.0064698,3
123,23,C,79,0.6121882,0.0002581,0.0203904,3
124,23,B,69,1.6451819,0.0006936,0.0478605,3
125,23,B,69,0.0009796,0.0000004,0.0000285,3
126,23,B,69,7.3577566,0.0031021,0.2140469,3
127,23,C,79,0.0540196,0.0000228,0.0017993,4
128,23,B,69,0.1683752,0.000071,0.0048983,4
129,24,C,,1.2843975,0.0005415,,3
130,24,B,,1.3827457,0.000583,,3
131,24,B,,0.4608143,0.0001943,,3
132,24,B,,1.2283665,0.0005179,,3
133,24,B,,0.0415123,0.0000175,,3
134,23,B,69,0.2223948,0.0000938,0.0064698,3
135,23,B,69,0.2223948,0.0000938,0.0064698,3
136,23,B,69,0.2726828,0.000115,0.0079327,3
137,23,B,69,0.2990642,0.0001261,0.0087002,3
138,22,B,69,0.2223948,0.0000938,0.0064698,4
139,23,B,69,0.4447897,0.0001875,0.0129395,3
140,23,B,69,0.4447897,0.0001875,0.0129395,3
141,22,B,69,0.3663543,0.0001545,0.0106577,3
142,22,B,69,0.4731295,0.0001995,0.013764,3
143,22,B,69,5.0036845,0.0021096,0.1455638,3
144,22,B,69,0.0079337,0.0000033,0.0002308,3
145,22,B,69,0.0501892,0.0000212,0.0014601,3
146,22,B,69,1.1453799,0.0004829,0.0333206,5
147,21,B,69,2.150548,0.0009067,0.0625623,3
148,21,B,69,1.1853746,0.0004998,0.0344841,3
149,22,B,69,0.2199895,0.0000928,0.0063998,3
150,22,D,84,0.0024054,0.000001,0.0000852,3
151,22,B,69,2.2415698,0.0009451,0.0652102,2
152,23,B,69,1.3911022,0.0005865,0.040469,5
153,22,D,84,0.052579,0.0000222,0.0018621,5
154,22,,,0.0075994,0.0000032,,5
155,22,B,69,0.2501754,0.0001055,0.0072779,5
156,23,D,84,0.1903842,0.0000803,0.0067426,5
157,23,C,79,0.062809,0.0000265,0.002092,4
158,23,,,3.1074755,0.0013102,,5
159,23,B,69,0.0838451,0.0000354,0.0024392,5
160,22,C,79,0.0578248,0.0000244,0.001926,4
161,22,,,0.6093597,0.0002569,,4
162,22,D,84,0.1521871,0.0000642,0.0053898,3
163,22,,,0.0727684,0.0000307,,5
164,22,B,69,0.0233168,0.0000098,0.0006783,5
165,22,C,79,0.1263096,0.0000533,0.0042071,5
166,23,,,0.2223948,0.0000938,,4
167,41,B,60,0.1932501,0.0000815,0.0048886,5
168,41,B,60,0.7164729,0.0003021,0.0181245,5
169,21,B,69,0.1851228,0.0000781,0.0053855,5
170,21,C,79,0.037272,0.0000157,0.0012414,5
171,23,B,69,0.5703248,0.0002405,0.0165915,3
172,23,B,69,0.9721698,0.0004099,0.0282817,3
173,23,D,84,0.4175857,0.0001761,0.014789,3
174,24,B,,0.4518676,0.0001905,,3
175,24,D,,0.6218825,0.0002622,,3
176,24,B,,1.0339204,0.0004359,,3
177,24,B,,0.8335413,0.0003514,,3
178,24,D,,0.7641128,0.0003222,,9
179,21,B,69,0.1399982,0.000059,0.0040727,5
180,21,B,69,0.2994453,0.0001263,0.0087113,5
181,21,C,79,0.0053463,0.0000023,0.0001781,5
182,22,,,0.1424717,0.0000601,,4
183,24,,,0.1804668,0.0000761,,9
184,24,D,,0.041928,0.0000177,,9
185,23,D,84,0.3598236,0.0001517,0.0127433,9
186,23,D,84,0.1013328,0.0000427,0.0035888,9
187,23,D,84,0.0828044,0.0000349,0.0029326,9
188,22,D,84,0.0009654,0.0000004,0.0000342,9
189,22,B,69,1.7804127,0.0007506,0.0517946,3
190,22,B,69,0.1027065,0.0000433,0.0029879,3
191,22,,,0.9295663,0.0003919,,6
192,23,B,69,0.2859907,0.0001206,0.0083199,3
193,23,B,69,0.8138905,0.0003431,0.0236772,3
194,23,,,0.281047,0.0001185,,8
195,23,D,84,2.555007,0.0010772,0.0904869,3
196,24,,,0.2223948,0.0000938,,8
197,22,B,69,1.8774829,0.0007916,0.0546185,5
198,22,B,69,0.094512,0.0000398,0.0027495,5
199,41,B,60,0.1932591,0.0000815,0.0048888,5
200,41,B,60,1.0484903,0.0004421,0.0265235,5
201,41,C,73,1.0243324,0.0004319,0.0315267,5
202,22,,,0.7830158,0.0003301,,4
203,22,B,69,0.5050786,0.0002129,0.0146934,5
204,23,,,0.6671845,0.0002813,,4
205,22,,,0.5973148,0.0002518,,4
206,22,B,69,0.0698698,0.0000295,0.0020326,5
207,21,B,69,0.7707342,0.000325,0.0224217,5
208,21,B,69,0.913744,0.0003852,0.026582,5
209,21,C,79,0.2244955,0.0000947,0.0074774,5
210,22,B,69,0.0874074,0.0000369,0.0025428,3
211,22,,,4.3858528,0.0018491,,8
212,22,D,84,1.456111,0.0006139,0.0515689,3
213,22,,,0.151782,0.000064,,8
214,22,D,84,0.0706129,0.0000298,0.0025008,8
215,23,,,0.2153139,0.0000908,,8
216,23,D,84,0.2294758,0.0000968,0.008127,8
217,21,C,79,1.1063533,0.0004665,0.0368498,4
218,21,B,69,1.3981884,0.0005895,0.0406752,3
219,21,B,69,1.3867087,0.0005847,0.0403412,4
220,21,,,9.4428129,0.0039812,,6
221,22,,,0.2223948,0.0000938,,8
222,23,,,0.0002671,0.0000001,,8
223,23,D,84,0.2221278,0.0000937,0.0078668,8
224,24,D,,1.4537203,0.0006129,,9
225,22,,,0.2223948,0.0000938,,8
226,21,,,3.8184462,0.0016099,,8
227,22,D,84,0.1424717,0.0000601,0.0050457,8
228,23,,,0.6984289,0.0002945,,8
229,23,D,84,1.3958616,0.0005885,0.0494352,8
230,22,D,84,0.2223948,0.0000938,0.0078762,9
231,41,B,60,0.6768886,0.0002854,0.0171231,8
232,41,B,60,0.0860113,0.0000363,0.0021758,5
233,41,B,60,5.1402888,0.0021672,0.1300329,5
234,21,D,84,11.4644842,0.0048336,0.4060208,2
235,21,B,69,1.0966194,0.0004623,0.0319021,4
236,21,C,79,1.8362873,0.0007742,0.0611621,4
237,21,B,69,1.419219,0.0005984,0.041287,2
238,21,B,69,1.045645,0.0004409,0.0304192,4
239,21,B,69,0.1026323,0.0000433,0.0029857,4
240,21,B,69,4.8780646,0.0020567,0.1419094,4
241,21,C,79,1.6770008,0.000707,0.0558566,4
242,21,B,69,0.494514,0.0002085,0.0143861,1
243,21,B,69,10.3917971,0.0043813,0.3023112,2
244,21,B,69,0.2251552,0.0000949,0.0065501,1
245,21,B,69,0.2372115,0.0001,0.0069008,8
246,21,B,69,0.8769459,0.0003697,0.0255115,1
247,21,B,69,5.3531389,0.002257,0.1557299,4
248,21,,,11.3082457,0.0047677,,1
249,21,B,69,0.2246087,0.0000947,0.0065342,4
250,21,B,69,26.9748192,0.0113729,0.7847333,2
251,21,B,69,7.1922202,0.0030323,0.2092312,5
252,21,B,69,1.2851472,0.0005418,0.0373866,1
253,21,C,79,0.3295153,0.0001389,0.0109753,5
254,23,,,0.2929232,0.0001235,,8
255,23,D,84,0.1518665,0.000064,0.0053784,8
256,21,B,69,0.7555631,0.0003186,0.0219803,8
257,21,,,0.0394876,0.0000166,,8
258,21,B,69,0.1003249,0.0000423,0.0029186,8
259,21,,,0.0420925,0.0000177,,8
260,22,,,2.0946321,0.0008831,,8
261,22,D,84,0.1293163,0.0000545,0.0045798,8
262,22,,,0.19361,0.0000816,,8
263,22,D,84,0.0287849,0.0000121,0.0010194,8
264,21,B,69,0.034623,0.0000146,0.0010072,17
265,21,B,69,0.1611501,0.0000679,0.0046881,17
266,21,,,0.8895794,0.0003751,,8
267,43,,,0.1424717,0.0000601,,8
268,23,D,84,1.4429603,0.0006084,0.0511032,9
269,22,B,69,0.0153982,0.0000065,0.000448,17
270,22,B,69,0.493876,0.0002082,0.0143675,17
271,22,,,0.2223948,0.0000938,,8
272,43,,,0.4447897,0.0001875,,8
273,21,,,1.4142922,0.0005963,,8
274,22,,,0.2223948,0.0000938,,8
275,24,D,,0.6671845,0.0002813,,9
276,23,D,84,0.2223948,0.0000938,0.0078762,9
277,22,A,49,0.6281788,0.0002648,0.0129776,17
278,22,B,69,0.0044674,0.0000019,0.00013,17
279,22,B,69,0.0234042,0.0000099,0.0006809,17
280,22,D,84,2.4571269,0.001036,0.0870204,17
281,23,C,79,0.0531497,0.0000224,0.0017703,10
282,24,D,,0.1773236,0.0000748,,10
283,24,,,0.0606189,0.0000256,,8
284,24,D,,0.729908,0.0003077,,10
285,43,,,0.3102995,0.0001308,,8
286,24,D,,0.2223948,0.0000938,,9
287,23,C,79,0.1807359,0.0000762,0.0060199,10
288,24,D,,0.7322236,0.0003087,,8
289,22,,,0.2223948,0.0000938,,8
290,23,,,0.6487073,0.0002735,,8
291,23,D,84,0.870647,0.0003671,0.0308344,8
292,24,,,0.0604812,0.0000255,,8
293,24,D,,6.8557215,0.0028905,,8
294,24,D,,0.4447897,0.0001875,,9
295,22,A,49,0.1335675,0.0000563,0.0027594,17
296,22,B,69,0.0089042,0.0000038,0.000259,17
297,41,A,36,0.152725,0.0000644,0.0023181,17
298,41,B,60,0.9622151,0.0004057,0.024341,17
299,41,B,60,0.0310122,0.0000131,0.0007845,17
300,41,D,79,0.1884167,0.0000794,0.0062757,17
301,41,B,60,0.0000817,0,0.0000021,17
302,41,C,73,0.1521054,0.0000641,0.0046815,17
303,41,D,79,0.0116467,0.0000049,0.0003879,20
304,41,B,60,0.0876219,0.0000369,0.0022166,20
305,23,,,0.0037632,0.0000016,,8
306,23,D,84,0.3065363,0.0001292,0.0108561,8
307,41,B,60,0.5460774,0.0002302,0.013814,17
308,41,C,73,0.3698353,0.0001559,0.0113827,17
309,22,D,84,4.1267567,0.0017399,0.1461513,9
310,23,A,49,0.8895794,0.0003751,0.0183779,17
311,22,A,49,0.4161426,0.0001755,0.0085971,17
312,22,B,69,0.0286471,0.0000121,0.0008334,17
313,41,B,60,0.4198898,0.000177,0.0106219,17
314,41,B,60,0.1834341,0.0000773,0.0046403,17
315,41,D,79,0.0638607,0.0000269,0.002127,17
316,22,B,69,0.0711156,0.00003,0.0020688,17
317,22,D,84,0.1512792,0.0000638,0.0053576,17
318,21,D,84,0.306848,0.0001294,0.0108672,20
319,21,B,69,0.7551096,0.0003184,0.0219671,20
320,41,D,79,0.8633946,0.000364,0.0287575,20
321,41,B,60,0.1289663,0.0000544,0.0032624,20
322,23,D,84,0.3430715,0.0001446,0.0121501,20
323,21,D,84,0.0202216,0.0000085,0.0007162,20
324,24,D,,0.6850926,0.0002888,,10
325,41,B,60,0.0660263,0.0000278,0.0016703,17
326,41,C,73,0.0861608,0.0000363,0.0026518,17
327,41,B,60,0.0817387,0.0000345,0.0020677,17
328,41,D,79,0.1406561,0.0000593,0.0046849,17
329,23,D,84,0.2223948,0.0000938,0.0078762,17
330,24,D,,0.1424717,0.0000601,,10
331,23,B,69,0.0815835,0.0000344,0.0023734,17
332,23,B,69,0.0037281,0.0000016,0.0001085,17
333,23,D,84,0.1370832,0.0000578,0.0048549,17
334,21,,,0.1424174,0.00006,,12
335,22,B,69,0.0703376,0.0000297,0.0020462,13
336,22,D,84,0.1520573,0.0000641,0.0053852,13
337,41,B,60,0.2132356,0.0000899,0.0053942,13
338,41,D,79,0.0091592,0.0000039,0.0003051,13
339,22,,,0.2223948,0.0000938,,12
340,22,,,2.1951773,0.0009255,,8
341,22,D,84,8.841073,0.0037275,0.3131112,9
342,23,D,84,9.3012581,0.0039215,0.329409,9
343,23,B,69,0.0741985,0.0000313,0.0021585,17
344,23,D,84,0.5165378,0.0002178,0.0182935,17
345,24,D,,1.474669,0.0006217,,17
346,23,B,69,0.0559963,0.0000236,0.001629,20
347,23,B,69,0.0761111,0.0000321,0.0022142,20
348,23,D,84,0.5146262,0.000217,0.0182258,20
349,22,A,49,0.1235237,0.0000521,0.0025519,20
350,23,C,79,0.5216567,0.0002199,0.0173751,10
351,23,D,84,0.0115861,0.0000049,0.0004103,10
352,23,D,84,1.1003882,0.0004639,0.0389708,10
353,22,B,69,0.1332901,0.0000562,0.0038776,10
354,22,,,0.018897,0.000008,,10
355,22,B,69,0.0800631,0.0000338,0.0023291,10
356,22,,,4.9302711,0.0020787,,10
357,21,,,6.2074656,0.0026172,,8
358,22,,,0.2223948,0.0000938,,8
359,22,D,84,0.5907363,0.0002491,0.0209212,9
360,23,B,69,0.00793,0.0000033,0.0002307,13
361,23,D,84,0.4368597,0.0001842,0.0154716,9
362,41,B,60,0.1989168,0.0000839,0.005032,17
363,41,B,60,1.3647623,0.0005754,0.0345241,17
364,41,A,36,0.2380886,0.0001004,0.0036137,17
365,21,B,69,0.0864779,0.0000365,0.0025158,20
366,21,B,69,0.0211252,0.0000089,0.0006146,20
367,21,D,84,0.7259852,0.0003061,0.0257112,20
368,52,C,73,0.2394908,0.000101,0.007371,10
369,52,C,73,0.797901,0.0003364,0.0245576,10
370,52,D,79,0.1458182,0.0000615,0.0048568,10
371,24,D,,0.780228,0.000329,,10
372,22,,,0.1134721,0.0000478,,12
373,22,D,84,0.0289995,0.0000122,0.001027,9
374,22,B,69,0.3549034,0.0001496,0.0103246,13
375,22,D,84,0.8189407,0.0003453,0.0290032,13
376,21,C,79,0.1449633,0.0000611,0.0048284,13
377,21,A,49,1.2232214,0.0005157,0.0252706,17
378,21,B,69,0.4782665,0.0002016,0.0139134,13
379,21,D,84,0.0447306,0.0000189,0.0015842,13
380,41,A,36,0.495706,0.000209,0.0075239,17
381,41,C,73,0.0261083,0.000011,0.0008036,17
382,22,B,69,0.1395149,0.0000588,0.0040587,17
383,22,D,84,0.0029025,0.0000012,0.0001028,17
384,41,D,79,0.2223948,0.0000938,0.0074074,20
385,22,D,84,0.4649334,0.000196,0.0164659,20
386,41,C,73,0.5684736,0.0002397,0.0174964,10
387,41,C,73,2.3987663,0.0010114,0.0738287,10
388,22,C,79,0.5377978,0.0002267,0.0179127,10
389,23,A,49,0.0365711,0.0000154,0.0007555,20
390,23,D,84,0.2737827,0.0001154,0.0096962,20
391,22,D,84,0.4447897,0.0001875,0.0157525,20
392,21,B,69,0.3312904,0.0001397,0.0096377,20
393,21,B,69,0.0947711,0.00004,0.002757,20
394,21,D,84,0.4635178,0.0001954,0.0164157,20
395,21,A,49,1.4733384,0.0006212,0.0304378,20
396,24,B,,0.0071923,0.000003,,13
397,24,D,,1.8734993,0.0007899,,9
398,23,B,69,0.3386537,0.0001428,0.0098519,13
399,23,D,84,0.4493929,0.0001895,0.0159155,13
400,22,B,69,0.1569698,0.0000662,0.0045665,20
401,22,D,84,0.4337665,0.0001829,0.0153621,20
402,23,B,69,0.0368272,0.0000155,0.0010714,17
403,23,B,69,0.0652934,0.0000275,0.0018995,20
404,23,D,84,8.7434149,0.0036863,0.3096527,20
405,21,B,69,0.4377948,0.0001846,0.012736,20
406,21,A,49,0.0069948,0.0000029,0.0001445,20
407,22,D,84,0.2223948,0.0000938,0.0078762,20
408,43,C,73,0.7329988,0.000309,0.0225601,10
409,21,C,79,0.0198166,0.0000084,0.00066,10
410,21,C,79,1.913385,0.0008067,0.06373,10
411,21,C,79,2.3198605,0.0009781,0.0772687,10
412,21,D,84,0.0179599,0.0000076,0.0006361,10
413,21,C,79,0.1521871,0.0000642,0.005069,10
414,21,,,3.2812774,0.0013834,,12
415,21,D,84,1.6514823,0.0006963,0.0584881,9
416,23,A,49,0.0479845,0.0000202,0.0009913,13
417,23,B,69,0.046803,0.0000197,0.0013616,13
418,23,D,84,0.0476299,0.0000201,0.0016868,13
419,52,B,60,0.2154292,0.0000908,0.0054497,20
420,52,B,60,0.3403613,0.0001435,0.0086101,20
421,52,A,36,0.3337888,0.0001407,0.0050663,20
422,22,B,69,0.1415955,0.0000597,0.0041192,20
423,22,D,84,0.0008219,0.0000003,0.0000291,20
424,23,B,69,0.0150063,0.0000063,0.0004366,20
425,23,D,84,0.7732303,0.000326,0.0273844,20
426,21,B,69,0.051207,0.0000216,0.0014897,20
427,21,B,69,0.2401579,0.0001013,0.0069865,20
428,21,D,84,0.1534248,0.0000647,0.0054336,20
429,23,C,79,0.2035639,0.0000858,0.0067802,10
430,23,C,79,1.1861418,0.0005001,0.0395074,10
431,21,C,79,0.1210442,0.000051,0.0040317,18
432,21,D,84,0.0213731,0.000009,0.0007569,18
433,21,A,49,1.5543725,0.0006553,0.0321119,17
434,22,A,49,0.8615714,0.0003633,0.0177993,17
435,52,A,36,0.2223948,0.0000938,0.0033755,24
436,41,B,60,0.016049,0.0000068,0.000406,20
437,41,A,36,0.2063459,0.000087,0.0031319,20
438,42,A,36,1.2707926,0.0005358,0.0192882,20
439,42,A,36,0.2160305,0.0000911,0.0032789,20
440,22,C,79,0.0127064,0.0000054,0.0004232,21
441,22,C,79,0.1115409,0.000047,0.0037151,21
442,22,C,79,0.1108539,0.0000467,0.0036923,21
443,21,C,79,1.5368119,0.0006479,0.0511873,10
444,22,C,79,4.1815,0.001763,0.1392751,10
445,22,C,79,1.4966234,0.000631,0.0498487,10
446,22,D,84,1.0920858,0.0004604,0.0386768,10
447,23,C,79,3.0869021,0.0013015,0.1028169,10
448,23,B,69,0.898687,0.0003789,0.026144,8
449,23,,,8.917881,0.0037599,,8
450,23,C,79,2.0965836,0.0008839,0.0698319,10
451,23,C,79,0.9963485,0.0004201,0.0331858,10
452,23,B,69,0.2005866,0.0000846,0.0058353,8
453,23,D,84,0.9126935,0.0003848,0.0323235,10
454,23,D,84,18.7672081,0.0079125,0.6646506,10
455,23,D,84,0.0537388,0.0000227,0.0019032,10
456,21,C,79,0.0421374,0.0000178,0.0014035,20
457,21,B,69,0.5485989,0.0002313,0.0159595,20
458,41,A,36,0.2393141,0.0001009,0.0036323,20
459,21,A,49,0.087713,0.000037,0.0018121,20
460,22,C,79,0.8512753,0.0003589,0.0283538,21
461,22,C,79,0.0418926,0.0000177,0.0013953,21
462,23,,,0.1521871,0.0000642,,28
463,21,A,49,0.2189298,0.0000923,0.0045229,13
464,21,B,69,0.003465,0.0000015,0.0001008,13
465,22,A,49,0.4103083,0.000173,0.0084766,17
466,22,A,49,0.0051072,0.0000022,0.0001055,17
467,22,C,79,1.5112125,0.0006371,0.0503347,17
468,22,B,69,0.0143297,0.000006,0.0004169,24
469,22,A,49,1.0151694,0.000428,0.0209724,24
470,21,B,69,0.0576388,0.0000243,0.0016768,24
471,21,A,49,1.5291505,0.0006447,0.0315908,24
472,21,A,49,0.2223948,0.0000938,0.0045945,20
473,21,B,69,0.2223948,0.0000938,0.0064698,20
474,43,B,60,1.071041,0.0004516,0.0270939,20
475,43,A,36,0.1984955,0.0000837,0.0030128,20
476,21,C,79,0.1146025,0.0000483,0.0038171,18
477,21,C,79,0.1077923,0.0000454,0.0035903,18
478,41,C,73,0.2688818,0.0001134,0.0082756,18
479,41,C,73,0.4810806,0.0002028,0.0148066,18
480,41,C,73,0.2010171,0.0000848,0.0061869,18
481,41,C,73,1.4142113,0.0005963,0.0435263,18
482,41,D,79,1.5876851,0.0006694,0.0528818,18
483,22,B,69,0.1424717,0.0000601,0.0041447,13
484,43,A,36,0.1857145,0.0000783,0.0028188,17
485,43,A,36,0.824917,0.0003478,0.0125207,17
486,22,B,69,0.1923786,0.0000811,0.0055965,17
487,22,B,69,0.708963,0.0002989,0.0206247,20
488,22,A,49,2.1891758,0.000923,0.0452263,20
489,22,B,69,2.6913025,0.0011347,0.0782936,20
490,22,B,69,1.2749192,0.0005375,0.0370891,17
491,22,D,84,6.4960999,0.0027388,0.2300628,20
492,22,B,69,1.825218,0.0007695,0.053098,17
493,22,C,79,0.2494056,0.0001052,0.0083071,17
494,21,C,79,0.0583214,0.0000246,0.0019425,20
495,21,B,69,0.0016428,0.0000007,0.0000478,20
496,21,B,69,0.3848255,0.0001622,0.0111951,20
497,41,C,73,0.0268202,0.0000113,0.0008255,21
498,41,C,73,0.101226,0.0000427,0.0031155,21
499,41,C,73,0.0241409,0.0000102,0.000743,21
500,24,C,,0.5691595,0.00024,,21
501,24,D,,0.163064,0.0000687,,21
502,22,C,79,0.0098692,0.0000042,0.0003287,13
503,22,A,49,19.5651283,0.0082489,0.4041971,17
504,22,B,69,0.3745397,0.0001579,0.0108959,13
505,22,B,69,0.2000815,0.0000844,0.0058206,17
506,22,D,84,1.9845772,0.0008367,0.0702848,17
507,22,C,79,0.0016652,0.0000007,0.0000555,17
508,41,B,60,0.1728378,0.0000729,0.0043722,24
509,41,A,36,0.2719519,0.0001147,0.0041277,24
510,41,C,73,0.1967742,0.000083,0.0060563,13
511,41,B,60,0.0075218,0.0000032,0.0001903,13
512,41,A,36,0.2404937,0.0001014,0.0036502,13
513,22,C,79,0.2192417,0.0000924,0.0073024,13
514,22,B,69,0.0724,0.0000305,0.0021062,13
515,22,A,49,0.041344,0.0000174,0.0008541,13
516,22,B,69,0.111804,0.0000471,0.0032525,13
517,21,C,79,0.1581423,0.0000667,0.0052673,13
518,21,A,49,2.4391031,0.0010284,0.0503896,13
519,21,B,69,0.3786426,0.0001596,0.0110152,13
520,21,B,69,0.2353648,0.0000992,0.0068471,17
521,21,A,49,0.4853817,0.0002046,0.0100275,17
522,21,A,49,0.1931573,0.0000814,0.0039904,17
523,41,C,73,0.0040721,0.0000017,0.0001253,20
524,41,A,36,0.0150739,0.0000064,0.0002288,20
525,41,B,60,0.2032488,0.0000857,0.0051415,20
526,41,C,73,0.6954086,0.0002932,0.0214031,20
527,41,B,60,0.735275,0.00031,0.0186001,20
528,41,B,60,0.5718161,0.0002411,0.0144651,20
529,41,B,60,0.3526812,0.0001487,0.0089217,20
530,22,C,79,0.0004254,0.0000002,0.0000142,21
531,22,D,84,0.141992,0.0000599,0.0050287,21
532,23,C,79,0.3988953,0.0001682,0.0132862,13
533,23,A,49,2.0398288,0.00086,0.0421409,28
534,23,B,69,1.0027343,0.0004228,0.0291709,13
535,23,,,0.3919107,0.0001652,,28
536,23,A,49,0.2223948,0.0000938,0.0045945,13
537,22,B,69,0.0827834,0.0000349,0.0024083,13
538,22,A,49,0.1396115,0.0000589,0.0028842,13
539,21,A,49,0.1521871,0.0000642,0.003144,24
540,41,C,73,1.3611515,0.0005739,0.0418932,21
541,41,C,73,0.0550618,0.0000232,0.0016947,21
542,41,D,79,0.1542684,0.000065,0.0051383,21
543,41,D,79,0.2223948,0.0000938,0.0074074,21
544,23,C,79,0.7589307,0.00032,0.0252781,21
545,23,C,79,4.9826188,0.0021007,0.1659584,21
546,23,D,84,3.1148434,0.0013133,0.1103138,21
547,41,C,73,0.1424717,0.0000601,0.004385,18
548,22,C,79,0.2223948,0.0000938,0.0074074,24
549,41,B,60,0.0975267,0.0000411,0.0024671,24
550,41,C,73,0.2226274,0.0000939,0.006852,24
551,41,B,60,3.17378,0.0013381,0.0802865,24
552,41,A,36,0.9629053,0.000406,0.0146151,24
553,41,B,60,0.0020571,0.0000009,0.000052,20
554,41,B,60,0.0390351,0.0000165,0.0009875,24
555,41,B,60,2.5238705,0.0010641,0.0638459,20
556,41,A,36,1.5352548,0.0006473,0.0233022,20
557,41,D,79,0.1938419,0.0000817,0.0064564,20
558,21,B,69,0.5755275,0.0002427,0.0167429,20
559,21,A,49,1.2543893,0.0005289,0.0259145,20
560,41,C,73,0.1521871,0.0000642,0.004684,21
561,42,C,73,0.0147352,0.0000062,0.0004535,18
562,42,C,73,0.155518,0.0000656,0.0047865,14
563,42,C,73,0.9617561,0.0004055,0.0296007,18
564,22,B,69,0.1054064,0.0000444,0.0030664,15
565,22,D,84,0.1530679,0.0000645,0.005421,15
566,22,C,79,0.001998,0.0000008,0.0000665,13
567,22,A,49,0.1343364,0.0000566,0.0027753,17
568,22,A,49,3.4443905,0.0014522,0.0711579,25
569,22,B,69,0.0014263,0.0000006,0.0000415,17
570,22,B,69,0.4726249,0.0001993,0.0137493,25
571,21,B,69,0.0581751,0.0000245,0.0016924,24
572,21,C,79,0.8314042,0.0003505,0.027692,24
573,41,B,60,0.1085084,0.0000457,0.0027449,20
574,41,A,36,0.1254423,0.0000529,0.001904,20
575,41,C,73,0.5817013,0.0002453,0.0179035,20
576,21,C,79,0.1924554,0.0000811,0.0064102,20
577,21,B,69,1.2951643,0.0005461,0.0376781,20
578,21,B,69,3.1342642,0.0013214,0.0911799,20
579,21,A,49,0.18257,0.000077,0.0037717,20
580,21,A,49,0.0233797,0.0000099,0.000483,20
581,21,B,69,0.0245789,0.0000104,0.000715,20
582,21,C,79,0.2910722,0.0001227,0.0096949,20
583,21,B,69,0.2214969,0.0000934,0.0064436,28
584,21,,,0.000898,0.0000004,,28
585,22,C,79,0.6640204,0.00028,0.0221168,13
586,22,B,69,0.1595272,0.0000673,0.0046409,28
587,22,B,69,0.2778339,0.0001171,0.0080826,12
588,22,A,49,4.4432139,0.0018733,0.0917926,28
589,22,B,69,1.0289539,0.0004338,0.0299336,13
590,22,,,8.122447,0.0034245,,12
591,22,D,84,0.9213875,0.0003885,0.0326314,9
592,41,C,73,0.0176603,0.0000074,0.0005435,24
593,41,B,60,0.398845,0.0001682,0.0100895,24
594,41,C,73,0.2506793,0.0001057,0.0077154,24
595,23,B,69,0.0031473,0.0000013,0.0000916,20
596,23,A,49,0.0305386,0.0000129,0.0006309,20
597,23,C,79,1.0325713,0.0004353,0.0343923,20
598,43,C,73,0.2136516,0.0000901,0.0065757,21
599,21,C,79,0.1424174,0.00006,0.0047436,31
600,22,C,79,0.0535442,0.0000226,0.0017834,28
601,22,B,69,0.1688507,0.0000712,0.0049121,28
602,21,B,69,0.1956239,0.0000825,0.005691,28
603,21,A,49,0.026771,0.0000113,0.0005531,28
604,23,B,69,0.2670465,0.0001126,0.0077687,28
605,23,A,49,0.9543877,0.0004024,0.0197168,28
606,22,B,69,0.7416975,0.0003127,0.021577,28
607,22,A,49,0.4423812,0.0001865,0.0091392,28
608,41,C,73,1.0963327,0.0004622,0.0337427,25
609,41,C,73,4.2806306,0.0018048,0.1317483,13
610,41,B,60,0.7295679,0.0003076,0.0184557,13
611,41,A,36,1.7885258,0.0007541,0.0271464,13
612,41,A,36,0.0000281,0,0.0000004,13
613,41,B,60,5.2720494,0.0022228,0.133366,13
614,41,D,79,0.0591781,0.000025,0.0019711,13
615,21,C,79,0.6097286,0.0002571,0.0203085,24
616,21,B,69,2.9250395,0.0012332,0.0850933,24
617,21,A,49,0.7685511,0.000324,0.0158775,24
618,21,B,69,0.7345586,0.0003097,0.0213693,24
619,21,A,49,0.0477297,0.0000201,0.0009861,24
620,21,C,79,0.5688806,0.0002398,0.018948,24
621,21,B,69,1.0106314,0.0004261,0.0294006,20
622,21,C,79,0.10806,0.0000456,0.0035992,21
623,21,C,79,0.2223948,0.0000938,0.0074074,26
624,21,C,79,0.1521871,0.0000642,0.005069,31
625,22,C,79,0.0940842,0.0000397,0.0031337,28
626,22,B,69,0.1283106,0.0000541,0.0037327,28
627,41,C,73,0.0543197,0.0000229,0.0016718,28
628,41,B,60,0.2559797,0.0001079,0.0064755,28
629,21,C,79,3.9704006,0.001674,0.132244,28
630,21,B,69,0.9998997,0.0004216,0.0290884,28
631,21,A,49,1.9721087,0.0008315,0.0407419,17
632,21,A,49,1.7246965,0.0007272,0.0356306,17
633,21,A,49,7.9302754,0.0033435,0.163832,17
634,21,B,69,0.3508424,0.0001479,0.0102065,28
635,21,B,69,0.6667897,0.0002811,0.0193978,17
636,21,B,69,4.3620658,0.0018391,0.1268983,17
637,21,A,49,0.1351631,0.000057,0.0027923,28
638,21,B,69,2.2533488,0.00095,0.0655529,17
639,21,B,69,0.0298746,0.0000126,0.0008691,20
640,21,A,49,6.6974931,0.0028238,0.1383639,17
641,21,B,69,0.9698837,0.0004089,0.0282152,25
642,21,B,69,6.8954849,0.0029072,0.2005988,17
643,21,D,84,0.3091964,0.0001304,0.0109504,17
644,21,B,69,0.7708137,0.000325,0.022424,17
645,21,D,84,0.5213994,0.0002198,0.0184656,17
646,21,C,79,9.765872,0.0041174,0.3252764,17
647,21,B,69,0.0230259,0.0000097,0.0006699,17
648,21,A,49,1.4057577,0.0005927,0.0290416,17
649,22,B,69,0.177334,0.0000748,0.0051589,24
650,22,A,49,0.2674556,0.0001128,0.0055254,24
651,23,C,79,1.0661079,0.0004495,0.0355093,24
652,23,B,69,0.0001494,0.0000001,0.0000043,24
653,22,C,79,0.3619511,0.0001526,0.0120557,24
654,22,B,69,0.0828386,0.0000349,0.0024099,24
655,41,C,73,0.385742,0.0001626,0.0118723,24
656,41,A,36,0.0002299,0.0000001,0.0000035,24
657,41,B,60,0.4271592,0.0001801,0.0108058,24
658,22,A,49,7.3278317,0.0030895,0.1513861,24
659,22,B,69,0.7327622,0.0003089,0.021317,24
660,22,A,49,0.1578832,0.0000666,0.0032617,20
661,21,C,79,0.0285093,0.000012,0.0009496,20
662,21,A,49,1.9760908,0.0008331,0.0408242,20
663,21,B,69,1.8274165,0.0007705,0.053162,20
664,21,B,69,0.6385862,0.0002692,0.0185773,20
665,21,A,49,3.3666005,0.0014194,0.0695508,20
666,21,B,69,0.3894604,0.0001642,0.0113299,20
667,21,C,79,1.1328094,0.0004776,0.037731,20
668,21,B,69,0.1521871,0.0000642,0.0044273,20
669,41,C,73,2.748961,0.001159,0.0846069,20
670,41,B,60,4.9300742,0.0020786,0.1247151,20
671,41,A,36,0.0078772,0.0000033,0.0001196,30
672,41,B,60,1.2579902,0.0005304,0.0318231,20
673,41,B,60,8.5211058,0.0035926,0.2155567,20
674,41,A,36,6.8083534,0.0028705,0.1033377,20
675,41,B,60,0.163966,0.0000691,0.0041478,20
676,41,D,79,0.1444697,0.0000609,0.0048119,20
677,41,B,60,1.0060008,0.0004241,0.0254486,20
678,41,C,73,1.1867188,0.0005003,0.0365246,21
679,22,C,79,0.095161,0.0000401,0.0031696,31
680,22,,,0.2185584,0.0000921,,31
681,22,D,84,0.1310703,0.0000553,0.0046419,31
682,23,C,79,0.3600648,0.0001518,0.0119928,28
683,23,B,69,0.0174862,0.0000074,0.0005087,28
684,23,B,69,0.0001905,0.0000001,0.0000055,28
685,23,,,1.9550492,0.0008243,,28
686,23,D,84,0.2520064,0.0001062,0.0089249,15
687,43,B,60,0.0100845,0.0000043,0.0002551,25
688,43,B,60,0.6453202,0.0002721,0.0163245,28
689,43,C,73,0.0117799,0.000005,0.0003626,28
690,41,C,73,0.0668246,0.0000282,0.0020567,24
691,41,B,60,0.8205405,0.000346,0.0207571,24
692,41,A,36,0.0682249,0.0000288,0.0010355,24
693,41,C,73,0.1563842,0.0000659,0.0048132,24
694,22,C,79,0.8897223,0.0003751,0.0296344,24
695,22,B,69,0.064377,0.0000271,0.0018728,24
696,22,C,79,1.0474544,0.0004416,0.034888,24
697,41,A,36,0.1414255,0.0000596,0.0021466,20
698,41,B,60,0.0009919,0.0000004,0.0000251,20
699,21,A,49,0.111102,0.0000468,0.0022953,30
700,21,B,69,0.1112929,0.0000469,0.0032377,30
701,41,B,60,0.0324701,0.0000137,0.0008214,30
702,41,A,36,0.0267201,0.0000113,0.0004056,30
703,41,B,60,0.3519179,0.0001484,0.0089024,30
704,21,B,69,0.0548495,0.0000231,0.0015956,30
705,21,B,69,0.4871621,0.0002054,0.0141722,30
706,21,A,49,0.4644637,0.0001958,0.0095954,30
707,41,C,73,0.3310313,0.0001396,0.0101884,18
708,41,C,73,0.1137584,0.000048,0.0035012,18
709,21,C,79,1.7893534,0.0007544,0.0595988,31
710,21,C,79,1.0493246,0.0004424,0.0349503,31
711,21,C,79,1.8595728,0.000784,0.0619376,18
712,21,C,79,0.1891065,0.0000797,0.0062987,31
713,21,B,69,4.406898,0.001858,0.1282025,14
714,21,B,69,2.3879209,0.0010068,0.0694678,10
715,21,C,79,0.1409766,0.0000594,0.0046956,18
716,21,,,6.7022252,0.0028257,,10
717,21,C,79,5.1171775,0.0021575,0.1704402,18
718,21,C,79,2.2183433,0.0009353,0.0738874,18
719,21,C,79,0.6819966,0.0002875,0.0227156,18
720,21,D,84,13.0749273,0.0055126,0.4630555,18
721,21,D,84,1.1997688,0.0005058,0.0424904,10
722,21,C,79,0.1861328,0.0000785,0.0061996,31
723,21,D,84,1.2238158,0.000516,0.0433421,31
724,41,B,60,0.1521871,0.0000642,0.0038498,24
725,23,C,79,0.2223948,0.0000938,0.0074074,24
726,21,C,79,2.2953243,0.0009677,0.0764514,24
727,21,B,69,0.1639957,0.0000691,0.0047709,24
728,21,A,49,0.21726,0.0000916,0.0044884,20
729,21,B,69,0.0051349,0.0000022,0.0001494,24
730,41,A,36,0.0692068,0.0000292,0.0010504,20
731,41,B,60,0.153188,0.0000646,0.0038752,20
732,21,B,69,0.6821634,0.0002876,0.019845,20
733,21,C,79,0.4298108,0.0001812,0.0143159,20
734,21,C,79,0.8780447,0.0003702,0.0292454,26
735,21,D,84,0.0074896,0.0000032,0.0002652,26
736,43,C,73,0.4307766,0.0001816,0.0132583,18
737,43,C,73,1.6893166,0.0007122,0.0519934,18
738,21,C,79,0.2185233,0.0000921,0.0072785,31
739,21,C,79,0.0038716,0.0000016,0.000129,31
740,21,C,79,0.0794054,0.0000335,0.0026448,31
741,21,D,84,0.5877791,0.0002478,0.0208165,31
742,41,D,79,0.2223948,0.0000938,0.0074074,31
743,22,C,79,0.3446155,0.0001453,0.0114783,31
744,22,D,84,0.322569,0.000136,0.011424,31
745,43,C,73,0.1985953,0.0000837,0.0061123,28
746,43,B,60,0.2265049,0.0000955,0.0057298,28
747,43,C,73,0.1596907,0.0000673,0.0049149,28
748,41,B,60,0.069424,0.0000293,0.0017562,24
749,41,A,36,0.1529709,0.0000645,0.0023218,24
750,24,C,,1.0294992,0.0004341,,24
751,41,C,73,1.3617269,0.0005741,0.0419109,24
752,41,A,36,0.2008157,0.0000847,0.003048,24
753,41,B,60,1.3088268,0.0005518,0.0331091,24
754,22,A,49,0.4911589,0.0002071,0.0101469,30
755,22,B,69,0.0596689,0.0000252,0.0017358,23
756,22,A,49,0.7835413,0.0003304,0.0161872,23
757,24,A,,2.1647344,0.0009127,,30
758,24,B,,0.2185585,0.0000921,,30
759,24,A,,0.0248262,0.0000105,,30
760,41,B,60,0.3274843,0.0001381,0.0082843,30
761,41,A,36,0.052331,0.0000221,0.0007943,30
762,41,C,73,0.0282829,0.0000119,0.0008705,21
763,22,C,79,2.0739229,0.0008744,0.0690771,21
764,22,C,79,5.2034721,0.0021939,0.1733144,21
765,22,D,84,3.5270526,0.0014871,0.1249124,21
766,22,D,84,0.0147571,0.0000062,0.0005226,10
767,41,C,73,3.336066,0.0014065,0.1026767,21
768,41,C,73,2.1779394,0.0009182,0.0670321,26
769,41,D,79,2.9520345,0.0012446,0.0983248,26
770,22,C,79,2.0015535,0.0008439,0.0666667,26
771,41,C,73,0.0364978,0.0000154,0.0011233,26
772,41,C,73,0.1858971,0.0000784,0.0057215,26
773,21,C,79,0.5037045,0.0002124,0.0167771,31
774,21,C,79,0.0034332,0.0000014,0.0001144,31
775,21,C,79,0.1600468,0.0000675,0.0053308,26
776,21,D,84,0.1424717,0.0000601,0.0050457,31
777,41,D,79,0.2223948,0.0000938,0.0074074,31
778,23,C,79,0.1422445,0.00006,0.0047378,24
779,23,B,69,0.0001729,0.0000001,0.000005,24
780,21,C,79,0.0096757,0.0000041,0.0003223,24
781,21,B,69,0.1327417,0.000056,0.0038616,24
782,22,C,79,4.1088161,0.0017323,0.1368542,25
783,22,B,69,1.1435682,0.0004821,0.0332679,24
784,22,B,69,0.1595701,0.0000673,0.0046421,24
785,22,A,49,2.4413817,0.0010293,0.0504366,17
786,22,A,49,5.7653584,0.0024308,0.1191069,17
787,22,B,69,0.0730887,0.0000308,0.0021262,25
788,22,B,69,0.0008326,0.0000004,0.0000242,24
789,22,C,79,0.4946332,0.0002085,0.016475,24
790,22,C,79,3.1802387,0.0013408,0.1059257,17
791,43,C,73,0.0164936,0.000007,0.0005076,24
792,43,B,60,0.5070078,0.0002138,0.0128257,24
793,43,B,60,0.1436831,0.0000606,0.0036347,24
794,23,C,79,1.029335,0.000434,0.0342845,24
795,23,B,69,0.0101581,0.0000043,0.0002955,24
796,23,B,69,0.5172707,0.0002181,0.0150481,24
797,22,C,79,0.0414463,0.0000175,0.0013805,24
798,22,A,49,1.4176303,0.0005977,0.0292869,20
799,22,B,69,1.2072542,0.000509,0.0351206,20
800,22,B,69,0.1082831,0.0000457,0.0031501,20
801,22,C,79,2.2038054,0.0009292,0.0734032,20
802,22,C,79,0.0213211,0.000009,0.0007102,20
803,22,B,69,0.109171,0.000046,0.0031759,20
804,22,C,79,0.0919027,0.0000387,0.003061,20
805,22,B,69,0.2525559,0.0001065,0.0073472,30
806,22,A,49,1.0202136,0.0004301,0.0210767,30
807,22,B,69,0.0002702,0.0000001,0.0000079,30
808,22,A,49,0.0613293,0.0000259,0.001267,30
809,43,C,73,0.1344802,0.0000567,0.004139,21
810,21,C,79,0.0490017,0.0000207,0.0016321,31
811,21,D,84,0.1733932,0.0000731,0.0061408,31
812,41,C,73,0.005668,0.0000024,0.0001744,31
813,41,D,79,0.1368037,0.0000577,0.0045566,31
814,22,C,79,0.0628103,0.0000265,0.0020921,24
815,22,B,69,0.1595845,0.0000673,0.0046425,24
816,21,C,79,0.3873372,0.0001633,0.0129012,24
817,21,B,69,1.8836834,0.0007942,0.0547988,24
818,21,A,49,0.2946137,0.0001242,0.0060864,24
819,22,C,79,1.5997462,0.0006745,0.0532835,24
820,22,B,69,1.0199562,0.00043,0.0296719,24
821,21,C,79,1.4474999,0.0006103,0.0482125,24
822,21,A,49,0.0571259,0.0000241,0.0011802,20
823,21,B,69,0.3870926,0.0001632,0.011261,24
824,21,B,69,0.450725,0.00019,0.0131122,24
825,21,C,79,0.086308,0.0000364,0.0028747,24
826,21,C,79,0.1091509,0.000046,0.0036355,23
827,21,B,69,0.1132439,0.0000477,0.0032944,23
828,41,C,73,0.0030689,0.0000013,0.0000945,23
829,41,B,60,0.4286927,0.0001807,0.0108446,20
830,41,A,36,0.1868811,0.0000788,0.0028365,20
831,41,B,60,5.1109514,0.0021548,0.1292907,20
832,41,A,36,0.7980961,0.0003365,0.0121136,20
833,41,C,73,1.0550216,0.0004448,0.0324712,20
834,21,B,69,0.6437874,0.0002714,0.0187286,23
835,21,A,49,0.245792,0.0001036,0.0050778,23
836,52,C,73,0.6061139,0.0002555,0.0186548,21
837,52,C,73,2.1822145,0.0009201,0.0671637,21
838,52,C,73,1.5245742,0.0006428,0.046923,21
839,52,D,79,0.682795,0.0002879,0.0227422,21
840,41,C,73,1.969329,0.0008303,0.0606116,26
841,41,D,79,0.4538689,0.0001914,0.0151172,26
842,23,C,79,0.1157266,0.0000488,0.0038546,31
843,23,,,1.3575306,0.0005724,,28
844,41,C,73,1.1543597,0.0004867,0.0355286,28
845,41,C,73,3.1082342,0.0013105,0.0956645,28
846,41,B,60,1.2266628,0.0005172,0.0310306,28
847,41,C,73,0.4118239,0.0001736,0.012675,28
848,23,C,79,0.4734866,0.0001996,0.0157706,24
849,23,B,69,0.0469991,0.0000198,0.0013673,24
850,23,B,69,0.1466988,0.0000619,0.0042677,24
851,43,C,73,0.1820629,0.0000768,0.0056035,24
852,43,B,60,0.040332,0.000017,0.0010203,24
853,43,B,60,0.0935539,0.0000394,0.0023666,24
854,43,B,60,0.8437945,0.0003558,0.0213453,24
855,22,C,79,0.0909743,0.0000384,0.0030301,30
856,22,B,69,0.1107009,0.0000467,0.0032204,30
857,22,A,49,0.2431144,0.0001025,0.0050225,30
858,21,C,79,0.1809791,0.0000763,0.006028,21
859,42,D,79,0.1424717,0.0000601,0.0047454,26
860,21,C,79,0.069217,0.0000292,0.0023054,26
861,21,D,84,0.1531778,0.0000646,0.0054249,26
862,41,C,73,0.2319479,0.0000978,0.0071388,31
863,41,C,73,0.0264993,0.0000112,0.0008156,31
864,21,C,79,0.0102339,0.0000043,0.0003409,31
865,21,C,79,0.1322378,0.0000558,0.0044045,31
866,21,B,69,0.6060619,0.0002555,0.0176311,25
867,21,C,79,0.1305487,0.000055,0.0043482,25
868,23,C,79,2.6763172,0.0011284,0.0891413,24
869,23,B,69,0.0525312,0.0000221,0.0015282,24
870,23,B,69,0.0302005,0.0000127,0.0008786,24
871,23,B,69,0.5648745,0.0002382,0.0164329,24
872,22,C,79,0.5805411,0.0002448,0.0193364,24
873,22,B,69,0.1556445,0.0000656,0.0045279,23
874,22,B,69,0.1533938,0.0000647,0.0044624,23
875,43,C,73,0.1285563,0.0000542,0.0039567,26
876,43,D,79,0.0236307,0.00001,0.0007871,26
877,43,B,60,0.7374887,0.0003109,0.0186561,24
878,43,C,73,0.0771743,0.0000325,0.0023753,26
879,43,D,79,0.1452205,0.0000612,0.0048369,26
880,42,C,73,0.9165741,0.0003864,0.0282101,26
881,42,D,79,0.1495746,0.0000631,0.004982,26
882,21,C,79,0.004626,0.000002,0.0001541,31
883,21,C,79,0.147561,0.0000622,0.0049149,31
884,23,C,79,0.0149821,0.0000063,0.000499,28
885,23,B,69,0.0036906,0.0000016,0.0001074,25
886,23,C,79,2.6800365,0.0011299,0.0892652,25
887,22,B,69,0.275822,0.0001163,0.008024,25
888,22,C,79,0.7679569,0.0003238,0.0255787,25
889,21,B,69,0.3036519,0.000128,0.0088336,25
890,22,C,79,0.414816,0.0001749,0.0138165,27
891,22,B,69,0.1081083,0.0000456,0.003145,27
892,22,,,0.0129165,0.0000054,,27
893,23,,,0.8887216,0.0003747,,28
894,23,C,79,0.0008577,0.0000004,0.0000286,28
895,22,C,79,0.6795743,0.0002865,0.0226349,28
896,22,C,79,0.5559078,0.0002344,0.0185159,28
897,22,,,1.9847602,0.0008368,,28
898,22,C,79,1.0081761,0.0004251,0.0335798,28
899,22,B,69,0.4040239,0.0001703,0.0117536,25
900,22,C,79,0.0407657,0.0000172,0.0013578,28
901,22,C,79,0.1926633,0.0000812,0.0064171,30
902,22,C,79,0.9076869,0.0003827,0.0302327,30
903,22,B,69,0.6030344,0.0002542,0.0175431,30
904,22,B,69,1.3544689,0.0005711,0.0394033,30
905,22,A,49,0.2853468,0.0001203,0.005895,30
906,21,C,79,0.2018894,0.0000851,0.0067244,27
907,21,C,79,0.1264595,0.0000533,0.004212,30
908,21,B,69,2.4675257,0.0010403,0.0717836,27
909,21,A,49,0.5076504,0.000214,0.0104876,30
910,21,B,69,1.8552712,0.0007822,0.0539723,27
911,21,A,49,0.6642681,0.0002801,0.0137232,27
912,23,C,79,0.174352,0.0000735,0.0058072,27
913,23,B,69,0.0480429,0.0000203,0.0013976,27
914,43,C,73,0.6556726,0.0002764,0.0201801,26
915,43,D,79,0.0115119,0.0000049,0.0003834,26
916,41,C,73,1.2841235,0.0005414,0.0395225,26
917,21,C,79,0.0244006,0.0000103,0.0008127,31
918,21,C,79,0.1308382,0.0000552,0.0043579,31
919,21,C,79,0.1779866,0.000075,0.0059283,31
920,21,D,84,0.1115642,0.000047,0.0039511,31
921,22,B,69,0.0637827,0.0000269,0.0018555,28
922,22,C,79,0.0884044,0.0000373,0.0029445,28
923,21,C,79,0.190111,0.0000802,0.0063321,25
924,21,B,69,0.9600873,0.0004048,0.0279302,25
925,41,C,73,0.2223948,0.0000938,0.0068448,25
926,21,C,79,0.6334215,0.0002671,0.0210977,25
927,21,B,69,0.7009476,0.0002955,0.0203915,25
928,71,C,74,0.2751343,0.000116,0.008584,36
929,71,B,61,0.6302105,0.0002657,0.016208,36
930,71,A,39,0.3609367,0.0001522,0.0059349,36
931,71,A,39,0.0058729,0.0000025,0.0000966,24
932,22,C,79,0.6261493,0.000264,0.0208554,22
933,22,B,69,0.3125369,0.0001318,0.0090921,22
934,22,B,69,0.1769902,0.0000746,0.0051489,36
935,22,C,79,0.066665,0.0000281,0.0022204,36
936,23,C,79,0.4447897,0.0001875,0.0148148,22
937,43,C,73,0.0242726,0.0000102,0.0007471,31
938,43,D,79,0.1981222,0.0000835,0.0065989,31
939,23,C,79,0.4447897,0.0001875,0.0148148,25
940,21,A,49,0.098011,0.0000413,0.0020248,36
941,21,A,49,0.0444064,0.0000187,0.0009174,36
942,71,A,39,0.0561498,0.0000237,0.0009233,36
943,71,B,61,0.0960372,0.0000405,0.0024699,36
944,21,B,69,0.7448254,0.000314,0.021668,23
945,21,B,69,1.6000003,0.0006746,0.0465461,36
946,21,C,79,0.4281598,0.0001805,0.0142609,36
947,22,C,79,0.2134791,0.00009,0.0071104,30
948,22,B,69,0.0089157,0.0000038,0.0002594,30
949,24,C,,1.2324017,0.0005196,,27
950,24,B,,0.2214243,0.0000934,,27
951,24,B,,0.0015952,0.0000007,,27
952,41,C,73,0.0440366,0.0000186,0.0013553,31
953,41,D,79,0.1783583,0.0000752,0.0059407,31
954,23,C,79,0.6663064,0.0002809,0.022193,36
955,23,A,49,0.0008782,0.0000004,0.0000181,36
956,22,C,79,1.6973313,0.0007156,0.0565338,36
957,22,A,49,0.4471018,0.0001885,0.0092367,36
958,22,A,49,0.1413075,0.0000596,0.0029193,36
959,22,B,69,0.0046385,0.000002,0.0001349,36
960,43,C,73,0.2223948,0.0000938,0.0068448,36
961,21,B,69,0.0623763,0.0000263,0.0018146,36
962,21,B,69,0.0310366,0.0000131,0.0009029,36
963,21,C,79,0.1289819,0.0000544,0.0042961,36
964,43,C,73,0.0452279,0.0000191,0.001392,36
965,43,B,60,0.3686307,0.0001554,0.0093252,36
966,43,C,73,0.253326,0.0001068,0.0077968,36
967,22,C,79,0.0036206,0.0000015,0.0001206,30
968,22,B,69,0.1387968,0.0000585,0.0040378,30
969,41,C,73,1.2780989,0.0005389,0.039337,31
970,41,C,73,4.1535616,0.0017512,0.1278374,31
971,41,C,73,7.6594276,0.0032293,0.2357402,31
972,41,C,73,1.7156987,0.0007234,0.0528054,14
973,41,C,73,7.1539164,0.0030162,0.2201817,31
974,41,C,73,1.9734631,0.000832,0.0607388,31
975,41,C,73,0.5211012,0.0002197,0.0160383,31
976,41,D,79,0.3929296,0.0001657,0.0130875,31
977,41,C,73,1.4273734,0.0006018,0.0439314,18
978,41,D,79,6.1644588,0.002599,0.2053225,31
979,41,C,73,0.0534444,0.0000225,0.0016449,31
980,41,C,73,0.3909279,0.0001648,0.0120319,31
981,41,D,79,0.0004173,0.0000002,0.0000139,31
982,43,C,73,1.3456951,0.0005674,0.0414175,31
983,43,D,79,0.2400292,0.0001012,0.0079948,31
984,22,C,79,0.1204944,0.0000508,0.0040134,36
985,22,B,69,0.1019004,0.000043,0.0029644,36
986,71,B,61,0.0179443,0.0000076,0.0004615,36
987,71,A,39,0.7162722,0.000302,0.0117776,36
988,71,B,61,0.1838681,0.0000775,0.0047288,36
989,43,B,60,0.0760689,0.0000321,0.0019243,36
990,43,B,60,0.1449854,0.0000611,0.0036677,36
991,43,C,73,0.0013405,0.0000006,0.0000413,36
992,24,C,,1.9993619,0.000843,,30
993,24,B,,0.0021917,0.0000009,,30
994,22,C,79,0.4015845,0.0001693,0.0133758,30
995,22,B,69,0.6464016,0.0002725,0.0188047,30
996,22,B,69,0.2863829,0.0001207,0.0083313,30
997,22,B,69,0.0745869,0.0000314,0.0021698,27
998,42,C,73,0.9490011,0.0004001,0.0292081,26
999,41,C,73,0.0541587,0.0000228,0.0016669,26
1000,43,C,73,0.1789578,0.0000755,0.0055079,31
1001,43,C,73,0.043437,0.0000183,0.0013369,31
1002,22,C,79,0.1378004,0.0000581,0.0045898,36
1003,22,C,79,0.0143867,0.0000061,0.0004792,36
1004,22,C,79,6.6787367,0.0028158,0.2224517,25
1005,22,C,79,0.3383456,0.0001427,0.0112694,36
1006,22,B,69,0.0259431,0.0000109,0.0007547,25
1007,21,C,79,0.1134486,0.0000478,0.0037787,36
1008,21,A,49,0.1019566,0.000043,0.0021063,36
1009,21,A,49,0.1042754,0.000044,0.0021542,36
1010,21,B,69,2.1266627,0.0008966,0.0618674,36
1011,43,B,60,1.3987637,0.0005897,0.0353843,36
1012,43,C,73,0.119426,0.0000504,0.0036757,36
1013,43,A,36,0.0405063,0.0000171,0.0006148,36
1014,43,B,60,0.1818885,0.0000767,0.0046012,36
1015,41,B,60,0.2223948,0.0000938,0.0056259,30
1016,21,C,79,0.0619922,0.0000261,0.0020648,32
1017,21,B,69,0.0741941,0.0000313,0.0021584,32
1018,21,B,69,0.0862086,0.0000363,0.0025079,32
1019,22,C,79,0.0023054,0.000001,0.0000768,27
1020,22,C,79,0.5320365,0.0002243,0.0177208,27
1021,22,B,69,0.0039785,0.0000017,0.0001157,32
1022,22,B,69,0.4178254,0.0001762,0.0121551,27
1023,23,C,79,0.2453007,0.0001034,0.0081703,27
1024,23,B,69,0.0769292,0.0000324,0.002238,27
1025,43,C,73,0.0187254,0.0000079,0.0005763,31
1026,43,D,79,0.4549177,0.0001918,0.0151522,31
1027,43,D,79,0.6590177,0.0002779,0.0219502,31
1028,21,C,79,1.0842823,0.0004571,0.0361147,36
1029,21,C,79,1.5387149,0.0006487,0.0512507,36
1030,21,B,69,0.4634463,0.0001954,0.0134823,36
1031,21,A,49,0.0193154,0.0000081,0.000399,30
1032,21,B,69,0.2030795,0.0000856,0.0059079,30
1033,41,A,36,0.0388057,0.0000164,0.000589,30
1034,41,B,60,0.103666,0.0000437,0.0026224,30
1035,21,B,69,0.0807145,0.000034,0.0023481,32
1036,21,B,69,0.1120323,0.0000472,0.0032592,32
1037,21,C,79,0.0296481,0.0000125,0.0009875,32
1038,22,B,69,0.1104435,0.0000466,0.0032129,27
1039,41,C,73,0.3458385,0.0001458,0.0106441,31
1040,41,C,73,0.7661358,0.000323,0.02358,31
1041,22,C,79,0.0511735,0.0000216,0.0017045,30
1042,22,A,49,0.2653604,0.0001119,0.0054821,30
1043,22,B,69,0.0834212,0.0000352,0.0024268,38
1044,22,B,69,0.5196855,0.0002191,0.0151183,30
1045,22,C,79,0.0031134,0.0000013,0.0001037,38
1046,41,C,73,0.5815309,0.0002452,0.0178982,31
1047,41,C,73,0.4381093,0.0001847,0.013484,31
1048,41,C,73,0.5665154,0.0002389,0.0174361,31
1049,41,C,73,0.1521871,0.0000642,0.004684,35
1050,21,C,79,1.4014012,0.0005908,0.0466771,36
1051,21,C,79,0.8892217,0.0003749,0.0296177,36
1052,21,C,79,0.1846634,0.0000779,0.0061507,28
1053,21,C,79,2.2095501,0.0009316,0.0735945,36
1054,21,B,69,0.2550754,0.0001075,0.0074205,28
1055,21,C,79,5.4066281,0.0022795,0.1800811,28
1056,41,C,73,0.2223948,0.0000938,0.0068448,36
1057,43,C,73,0.3833153,0.0001616,0.0117976,36
1058,43,B,60,0.1889101,0.0000796,0.0047788,36
1059,43,A,36,0.0482649,0.0000203,0.0007326,36
1060,43,C,73,0.5974361,0.0002519,0.0183878,36
1061,21,C,79,0.2741614,0.0001156,0.0091316,30
1062,21,A,49,0.6047072,0.000255,0.0124927,36
1063,21,A,49,1.2783955,0.000539,0.0264104,36
1064,21,B,69,1.4249262,0.0006008,0.041453,30
1065,21,A,49,2.2723997,0.0009581,0.0469456,36
1066,21,B,69,0.3899217,0.0001644,0.0113433,36
1067,21,B,69,0.0072532,0.0000031,0.000211,32
1068,21,B,69,0.1118096,0.0000471,0.0032527,32
1069,21,B,69,0.0000065,0,0.0000002,32
1070,21,C,79,0.5481153,0.0002311,0.0182563,32
1071,22,C,79,0.4940041,0.0002083,0.016454,32
1072,22,B,69,0.3920129,0.0001653,0.0114042,32
1073,22,B,69,0.0035624,0.0000015,0.0001036,32
1074,52,C,73,1.876089,0.000791,0.0577419,35
1075,52,D,79,0.0781092,0.0000329,0.0026016,31
1076,52,D,79,0.2187959,0.0000922,0.0072875,35
1077,21,C,79,0.6104685,0.0002574,0.0203332,36
1078,21,C,79,0.3229817,0.0001362,0.0107577,36
1079,21,C,79,2.226234,0.0009386,0.0741502,36
1080,21,B,69,1.756734,0.0007407,0.0511057,36
1081,21,B,69,0.0068702,0.0000029,0.0001999,36
1082,21,B,69,1.0698634,0.0004511,0.0311237,36
1083,43,C,73,0.3170446,0.0001337,0.0097579,36
1084,43,B,60,0.1277451,0.0000539,0.0032315,36
1085,43,C,73,0.0038175,0.0000016,0.0001175,36
1086,43,B,60,0.1483695,0.0000626,0.0037533,36
1087,43,A,36,0.1588043,0.000067,0.0024103,36
1088,43,A,36,0.2754292,0.0001161,0.0041805,36
1089,43,B,60,0.5027578,0.000212,0.0127182,36
1090,43,C,73,0.0156253,0.0000066,0.0004809,36
1091,23,C,79,8.5526905,0.0036059,0.2848684,30
1092,23,C,79,0.3158756,0.0001332,0.010521,30
1093,23,B,69,0.1676151,0.0000707,0.0048761,23
1094,23,B,69,0.0561119,0.0000237,0.0016324,30
1095,23,B,69,0.0016492,0.0000007,0.000048,23
1096,23,C,79,2.8197014,0.0011888,0.0939171,32
1097,23,B,69,0.1879856,0.0000793,0.0054688,32
1098,23,B,69,0.1013091,0.0000427,0.0029472,30
1099,23,A,49,0.0549884,0.0000232,0.001136,30
1100,23,B,69,1.7487701,0.0007373,0.050874,27
1101,23,B,69,1.3222803,0.0005575,0.0384669,23
1102,23,A,49,2.862107,0.0012067,0.0591284,23
1103,23,C,79,0.1218927,0.0000514,0.0040599,20
1104,43,C,73,0.053207,0.0000224,0.0016376,36
1105,43,B,60,0.2504449,0.0001056,0.0063355,36
1106,22,A,49,1.1467332,0.0004835,0.0236904,38
1107,22,A,49,0.1876359,0.0000791,0.0038764,38
1108,21,A,49,0.1014577,0.0000428,0.002096,38
1109,21,B,69,0.041014,0.0000173,0.0011932,38
1110,21,B,69,0.1513457,0.0000638,0.0044028,46
1111,21,C,79,0.293444,0.0001237,0.0097739,32
1112,41,C,73,0.308916,0.0001302,0.0095077,32
1113,41,B,60,0.011091,0.0000047,0.0002806,32
1114,41,B,60,0.0001471,0.0000001,0.0000037,32
1115,41,D,79,0.2345152,0.0000989,0.0078111,35
1116,41,D,79,0.2102745,0.0000887,0.0070037,35
1117,43,C,73,0.0006086,0.0000003,0.0000187,36
1118,43,B,60,0.2217863,0.0000935,0.0056105,36
1119,43,B,60,0.4447897,0.0001875,0.0112518,36
1120,41,B,60,0.6671845,0.0002813,0.0168776,36
1121,43,B,60,0.2362182,0.0000996,0.0059756,36
1122,43,B,60,0.2085715,0.0000879,0.0052762,36
1123,23,,,0.1424174,0.00006,,36
1124,22,C,79,0.6826316,0.0002878,0.0227367,36
1125,22,C,79,0.2649443,0.0001117,0.0088246,31
1126,22,,,6.3181796,0.0026638,,28
1127,22,C,79,5.5833015,0.002354,0.1859656,36
1128,43,C,73,0.224016,0.0000944,0.0068947,36
1129,43,C,73,0.0629262,0.0000265,0.0019367,36
1130,43,B,60,0.0167465,0.0000071,0.0004236,36
1131,23,B,69,0.0842943,0.0000355,0.0024522,36
1132,23,A,49,0.0581774,0.0000245,0.0012019,36
1133,52,A,36,0.8047132,0.0003393,0.012214,38
1134,52,A,36,0.0158879,0.0000067,0.0002411,38
1135,52,B,60,0.0689782,0.0000291,0.0017449,38
1136,21,A,49,0.0131609,0.0000055,0.0002719,38
1137,21,B,69,0.209234,0.0000882,0.0060869,38
1138,21,A,49,0.6383531,0.0002691,0.0131878,38
1139,21,B,69,0.0288314,0.0000122,0.0008387,38
1140,21,B,69,0.0242023,0.0000102,0.0007041,46
1141,21,B,69,0.04387,0.0000185,0.0012762,46
1142,21,C,79,0.3767174,0.0001588,0.0125475,46
1143,43,C,73,0.0981826,0.0000414,0.0030218,35
1144,43,D,79,0.1242123,0.0000524,0.0041372,35
1145,41,C,73,0.0903322,0.0000381,0.0027802,35
1146,41,D,79,0.1320626,0.0000557,0.0043987,35
1147,43,C,73,0.0451067,0.000019,0.0013883,35
1148,43,D,79,0.7972083,0.0003361,0.026553,35
1149,41,D,79,0.0965483,0.0000407,0.0032158,35
1150,41,D,79,0.3482413,0.0001468,0.011599,35
1151,43,C,73,0.0431064,0.0000182,0.0013267,35
1152,43,D,79,0.9974636,0.0004205,0.033223,35
1153,43,D,79,0.0131993,0.0000056,0.0004396,35
1154,41,B,60,0.0186996,0.0000079,0.000473,36
1155,41,C,73,0.2036952,0.0000859,0.0062693,36
1156,21,B,69,1.0309407,0.0004347,0.0299914,36
1157,21,A,49,0.8337065,0.0003515,0.0172236,36
1158,52,A,36,0.1842338,0.0000777,0.0027963,38
1159,52,B,60,0.038161,0.0000161,0.0009654,38
1160,21,B,69,0.012144,0.0000051,0.0003533,46
1161,21,C,79,0.1400431,0.000059,0.0046645,46
1162,21,C,79,0.7412409,0.0003125,0.0246889,32
1163,21,B,69,0.2610913,0.0001101,0.0075955,32
1164,21,B,69,0.0185091,0.0000078,0.0005385,32
1165,41,C,73,0.0820538,0.0000346,0.0025254,35
1166,41,D,79,0.140341,0.0000592,0.0046744,35
1167,43,D,79,0.0009129,0.0000004,0.0000304,35
1168,43,D,79,0.2214819,0.0000934,0.007377,35
1169,41,B,60,0.1424717,0.0000601,0.0036041,36
1170,41,C,73,2.2021048,0.0009284,0.0677759,36
1171,41,C,73,2.8626804,0.0012069,0.0881069,36
1172,41,C,73,4.4140482,0.001861,0.1358546,25
1173,41,C,73,1.6634794,0.0007013,0.0511982,36
1174,41,C,73,1.5344627,0.000647,0.0472274,25
1175,41,C,73,0.0238316,0.00001,0.0007335,28
1176,41,B,60,3.308229,0.0013948,0.0836876,36
1177,41,B,60,18.2101364,0.0076776,0.4606583,25
1178,41,B,60,0.6341161,0.0002674,0.0160411,23
1179,41,B,60,4.9888706,0.0021034,0.1262025,24
1180,41,A,36,0.5773247,0.0002434,0.0087627,24
1181,41,A,36,3.943536,0.0016626,0.0598553,36
1182,41,A,36,0.0772796,0.0000326,0.001173,36
1183,41,A,36,0.0878449,0.000037,0.0013333,36
1184,41,B,60,1.317669,0.0005555,0.0333328,36
1185,41,B,60,5.0485964,0.0021286,0.1277134,36
1186,41,B,60,0.7567881,0.0003191,0.0191443,25
1187,41,B,60,2.5480764,0.0010743,0.0644582,24
1188,41,B,60,0.8033175,0.0003387,0.0203214,36
1189,41,A,36,2.6193075,0.0011043,0.0397561,36
1190,41,A,36,0.3894562,0.0001642,0.0059112,36
1191,41,A,36,6.806839,0.0028699,0.1033148,36
1192,41,A,36,3.6010878,0.0015183,0.0546576,24
1193,41,B,60,3.5024722,0.0014767,0.0886014,36
1194,41,B,60,2.2292912,0.0009399,0.0563939,36
1195,41,B,60,6.9427242,0.0029271,0.1756287,24
1196,41,C,73,7.7462344,0.0032659,0.2384119,36
1197,41,B,60,5.2238855,0.0022025,0.1321476,36
1198,41,B,60,8.6218891,0.0036351,0.2181063,36
1199,41,C,73,1.3633035,0.0005748,0.0419595,28
1200,22,A,49,0.7920858,0.000334,0.0163637,38
1201,22,A,49,0.0110627,0.0000047,0.0002285,36
1202,21,B,69,0.2379493,0.0001003,0.0069223,38
1203,21,C,79,0.0657395,0.0000277,0.0021896,38
1204,41,C,73,0.7756624,0.000327,0.0238732,35
1205,41,C,73,1.1122541,0.0004689,0.0342327,35
1206,41,D,79,0.2834518,0.0001195,0.0094411,35
1207,41,D,79,0.1303744,0.000055,0.0043424,35
1208,41,D,79,0.334559,0.0001411,0.0111433,35
1209,41,B,60,0.1424717,0.0000601,0.0036041,36
1210,22,A,49,0.1424174,0.00006,0.0029422,38
1211,43,C,73,0.0001483,0.0000001,0.0000046,38
1212,43,B,60,0.6795205,0.0002865,0.0171897,38
1213,43,B,60,1.164022,0.0004908,0.029446,38
1214,43,C,73,0.0147307,0.0000062,0.0004534,38
1215,23,C,79,0.4069607,0.0001716,0.0135548,36
1216,23,B,69,0.0046889,0.000002,0.0001364,36
1217,23,A,49,1.558044,0.0006569,0.0321877,36
1218,21,A,49,0.2223948,0.0000938,0.0045945,38
1219,52,A,36,0.4447897,0.0001875,0.0067511,38
1220,22,C,79,0.0842091,0.0000355,0.0028048,36
1221,22,C,79,0.0630394,0.0000266,0.0020997,36
1222,22,C,79,0.0941663,0.0000397,0.0031364,36
1223,22,,,0.8705594,0.000367,,36
1224,41,C,73,0.6233258,0.0002628,0.0191846,36
1225,41,C,73,8.4975729,0.0035827,0.2615364,36
1226,41,B,60,0.626637,0.0002642,0.0158519,36
1227,41,C,73,1.7838949,0.0007521,0.0549043,36
1228,41,C,73,2.4887714,0.0010493,0.0765989,36
1229,41,C,73,0.0281718,0.0000119,0.0008671,36
1230,41,B,60,3.8249681,0.0016127,0.0967595,36
1231,41,C,73,0.093637,0.0000395,0.0028819,36
1232,41,C,73,0.7655647,0.0003228,0.0235624,36
1233,41,B,60,1.8570545,0.000783,0.0469775,36
1234,41,A,36,0.0370438,0.0000156,0.0005623,36
1235,41,C,73,4.4017024,0.0018558,0.1354746,36
1236,41,B,60,4.8701806,0.0020533,0.1232,36
1237,41,C,73,0.1327866,0.000056,0.0040869,36
1238,21,C,79,0.2223948,0.0000938,0.0074074,36
1239,22,C,79,0.6671845,0.0002813,0.0222222,36
1240,52,A,36,0.1424174,0.00006,0.0021616,38
1241,43,C,73,0.6378818,0.0002689,0.0196326,35
1242,43,D,79,0.0720879,0.0000304,0.0024011,35
1243,21,C,79,2.1888843,0.0009229,0.0729062,36
1244,21,C,79,0.0000032,0,0.0000001,36
1245,21,C,79,0.1995842,0.0000841,0.0066476,36
1246,21,C,79,0.6976879,0.0002942,0.0232382,36
1247,21,C,79,0.8746724,0.0003688,0.0291331,36
1248,21,,,0.0922382,0.0000389,,36
1249,22,C,79,0.001858,0.0000008,0.0000619,36
1250,22,C,79,0.11738,0.0000495,0.0039096,36
1251,22,C,79,0.0231794,0.0000098,0.000772,36
1252,22,C,79,0.624071,0.0002631,0.0207862,36
1253,22,C,79,0.1030795,0.0000435,0.0034333,36
1254,22,B,69,0.0454628,0.0000192,0.0013226,36
1255,22,A,49,2.2137363,0.0009333,0.0457337,36
1256,22,C,79,0.0273985,0.0000116,0.0009126,36
1257,22,A,49,2.46472,0.0010392,0.0509188,38
1258,52,A,36,1.4618531,0.0006163,0.0221881,38
1259,52,B,60,0.2817852,0.0001188,0.0071283,38
1260,22,B,69,0.1355338,0.0000571,0.0039429,36
1261,22,C,79,0.38679,0.0001631,0.012883,36
1262,21,B,69,0.5089771,0.0002146,0.0148068,46
1263,21,C,79,1.5918832,0.0006712,0.0530216,46
1264,43,B,60,1.1007581,0.0004641,0.0278457,46
1265,43,C,73,0.5855714,0.0002469,0.0180226,46
1266,43,B,60,0.0900965,0.000038,0.0022792,46
1267,43,B,60,0.706124,0.0002977,0.0178627,46
1268,43,C,73,0.0293203,0.0000124,0.0009024,46
1269,43,C,73,0.0358564,0.0000151,0.0011036,35
1270,43,D,79,0.2744973,0.0001157,0.0091428,35
1271,22,C,79,0.0206643,0.0000087,0.0006883,36
1272,22,,,0.1218074,0.0000514,,45
1273,23,C,79,0.1424717,0.0000601,0.0047454,36
1274,41,C,73,0.0141758,0.000006,0.0004363,36
1275,41,C,73,0.296178,0.0001249,0.0091157,36
1276,41,C,73,0.377502,0.0001592,0.0116187,36
1277,41,B,60,0.6330793,0.0002669,0.0160149,36
1278,41,C,73,0.6634187,0.0002797,0.0204186,36
1279,41,C,73,0.9001366,0.0003795,0.0277042,36
1280,22,C,79,0.3038857,0.0001281,0.0101217,36
1281,22,C,79,0.140904,0.0000594,0.0046932,36
1282,41,C,73,1.5558964,0.000656,0.047887,36
1283,41,C,73,0.0546581,0.000023,0.0016823,36
1284,41,C,73,1.3615601,0.0005741,0.0419058,36
1285,41,C,73,0.6825147,0.0002878,0.0210063,36
1286,41,A,36,0.9841865,0.0004149,0.0149381,36
1287,41,C,73,0.0052973,0.0000022,0.000163,36
1288,82,C,74,0.1543522,0.0000651,0.0048157,36
1289,82,C,74,0.0680427,0.0000287,0.0021229,36
1290,22,B,69,0.0989363,0.0000417,0.0028782,38
1291,22,C,79,0.0434811,0.0000183,0.0014482,38
1292,21,B,69,0.3147807,0.0001327,0.0091574,46
1293,21,C,79,0.130009,0.0000548,0.0043303,46
1294,21,C,79,0.2223948,0.0000938,0.0074074,36
1295,22,C,79,0.1424717,0.0000601,0.0047454,36
1296,41,C,73,0.3474374,0.0001465,0.0106934,36
1297,41,C,73,0.1748864,0.0000737,0.0053826,36
1298,43,C,73,0.0352748,0.0000149,0.0010857,38
1299,43,B,60,0.1561457,0.0000658,0.00395,38
1300,43,C,73,0.0309744,0.0000131,0.0009533,38
1301,41,C,73,0.0083377,0.0000035,0.0002566,38
1302,41,B,60,0.2140571,0.0000902,0.005415,38
1303,21,C,79,0.5289319,0.000223,0.0176174,38
1304,21,B,69,0.9262993,0.0003905,0.0269473,38
1305,21,B,69,0.1424717,0.0000601,0.0041447,46
1306,21,C,79,0.2223948,0.0000938,0.0074074,36
1307,41,C,73,0.1431381,0.0000603,0.0044055,44
1308,41,C,73,0.009049,0.0000038,0.0002785,44
1309,22,C,79,0.0155955,0.0000066,0.0005194,38
1310,22,A,49,0.125542,0.0000529,0.0025936,38
1311,22,C,79,0.3036522,0.000128,0.0101139,38
1312,21,C,79,0.2779596,0.0001172,0.0092581,38
1313,21,A,49,0.0323409,0.0000136,0.0006681,38
1314,21,C,79,0.0000532,0,0.0000018,38
1315,43,C,73,0.1011471,0.0000426,0.0031131,38
1316,43,B,60,0.0010637,0.0000004,0.0000269,38
1317,43,C,73,0.4824986,0.0002034,0.0148502,38
1318,43,C,73,0.2123703,0.0000895,0.0065363,38
1319,43,B,60,0.0100246,0.0000042,0.0002536,38
1320,21,C,79,0.1521871,0.0000642,0.005069,38
1321,21,B,69,0.1001939,0.0000422,0.0029148,46
1322,21,C,79,0.0422778,0.0000178,0.0014082,46
1323,22,C,79,0.0627935,0.0000265,0.0020915,35
1324,41,C,73,0.0000489,0,0.0000015,36
1325,41,C,73,1.1501493,0.0004849,0.035399,36
1326,21,C,79,0.8144202,0.0003434,0.0271263,36
1327,21,C,79,3.04811,0.0012851,0.1015248,36
1328,21,C,79,0.8376115,0.0003531,0.0278987,36
1329,21,C,79,0.3014077,0.0001271,0.0100391,36
1330,82,C,74,2.2060297,0.0009301,0.0688268,36
1331,82,C,74,0.1340924,0.0000565,0.0041836,36
1332,82,B,61,2.1873455,0.0009222,0.0562551,36
1333,82,C,74,1.8682197,0.0007877,0.0582873,36
1334,82,C,74,1.5211902,0.0006414,0.0474602,36
1335,82,C,74,1.3274438,0.0005597,0.0414154,36
1336,82,C,74,0.6900352,0.0002909,0.0215287,36
1337,41,C,73,0.2223948,0.0000938,0.0068448,44
1338,22,A,49,0.4485237,0.0001891,0.0092661,38
1339,22,C,79,1.9828012,0.000836,0.0660421,38
1340,22,C,79,0.5310982,0.0002239,0.0176895,44
1341,21,C,79,0.3036519,0.000128,0.0101139,38
1342,21,C,79,0.0953319,0.0000402,0.0031753,46
1343,22,C,79,0.1566875,0.0000661,0.0052189,35
1344,22,C,79,3.2536552,0.0013718,0.108371,35
1345,22,,,2.2727797,0.0009582,,35
1346,22,D,84,0.1500156,0.0000632,0.0053129,35
1347,22,D,84,0.8540034,0.0003601,0.030245,35
1348,41,C,73,0.5974069,0.0002519,0.0183869,36
1349,41,C,73,0.0000292,0,0.0000009,44
1350,41,C,73,0.9475081,0.0003995,0.0291622,36
1351,41,C,73,0.4706268,0.0001984,0.0144848,44
1352,21,C,79,1.5923082,0.0006713,0.0530357,36
1353,21,A,49,6.7765417,0.0028571,0.139997,36
1354,21,A,49,2.6627483,0.0011227,0.0550099,38
1355,21,C,79,0.9302321,0.0003922,0.0309837,36
1356,21,B,69,0.2400704,0.0001012,0.006984,36
1357,21,C,79,2.2940516,0.0009672,0.076409,36
1358,21,B,69,1.8552241,0.0007822,0.0539709,36
1359,21,B,69,0.4854128,0.0002047,0.0141213,38
1360,21,A,49,0.7279524,0.0003069,0.0150388,36
1361,21,A,49,0.262822,0.0001108,0.0054297,36
1362,21,B,69,1.3666455,0.0005762,0.0397575,36
1363,21,C,79,5.1537085,0.0021729,0.1716569,44
1364,21,C,79,0.0195669,0.0000082,0.0006517,38
1365,21,A,49,2.3974507,0.0010108,0.0495291,38
1366,21,C,79,0.7285807,0.0003072,0.0242672,38
1367,21,C,79,1.2482108,0.0005263,0.0415747,38
1368,43,C,73,0.0964448,0.0000407,0.0029684,38
1369,43,C,73,0.2139089,0.0000902,0.0065836,38
1370,41,C,73,0.8669752,0.0003655,0.0266836,38
1371,41,C,73,0.0543644,0.0000229,0.0016732,38
1372,41,C,73,0.4130295,0.0001741,0.0127121,38
1373,21,C,79,0.8689007,0.0003663,0.0289409,46
1374,21,B,69,0.0206787,0.0000087,0.0006016,46
1375,22,C,79,0.0952961,0.0000402,0.0031741,41
1376,22,,,0.0471756,0.0000199,,41
1377,41,C,73,0.2542671,0.0001072,0.0078258,36
1378,41,C,73,1.080102,0.0004554,0.0332431,45
1379,21,C,79,0.4754205,0.0002004,0.0158351,36
1380,21,C,79,0.8207244,0.000346,0.0273362,36
1381,41,C,73,0.3162762,0.0001333,0.0097343,40
1382,41,D,79,0.2934644,0.0001237,0.0097746,40
1383,41,C,73,0.2223948,0.0000938,0.0068448,44
1384,41,C,73,0.6671845,0.0002813,0.0205345,44
1385,21,C,79,0.1424717,0.0000601,0.0047454,44
1386,21,C,79,0.4447897,0.0001875,0.0148148,44
1387,22,C,79,0.005451,0.0000023,0.0001816,44
1388,22,C,79,0.6617336,0.000279,0.0220407,44
1389,43,C,73,0.1648047,0.0000695,0.0050723,38
1390,43,C,73,0.1427995,0.0000602,0.004395,38
1391,43,D,79,0.0026953,0.0000011,0.0000898,38
1392,22,C,79,0.2927286,0.0001234,0.00975,38
1393,21,C,79,0.126935,0.0000535,0.0042279,46
1394,21,B,69,0.0691884,0.0000292,0.0020128,46
1395,21,D,84,0.0262714,0.0000111,0.0009304,46
1396,43,C,73,0.1093856,0.0000461,0.0033666,41
1397,43,C,73,0.0428014,0.000018,0.0013173,41
1398,22,C,79,0.8408622,0.0003545,0.028007,35
1399,22,C,79,0.1703613,0.0000718,0.0056743,41
1400,41,C,73,0.2196174,0.0000926,0.0067593,45
1401,41,,,0.0027774,0.0000012,,45
1402,21,C,79,0.4419,0.0001863,0.0147186,38
1403,21,C,79,1.0306991,0.0004346,0.03433,38
1404,21,B,69,0.1615855,0.0000681,0.0047007,46
1405,21,B,69,0.7279938,0.0003069,0.0211783,46
1406,41,C,73,0.0032624,0.0000014,0.0001004,46
1407,41,C,73,0.2191325,0.0000924,0.0067444,46
1408,21,C,79,0.6206785,0.0002617,0.0206732,46
1409,21,C,79,0.1363918,0.0000575,0.0045429,46
1410,42,C,73,2.3071556,0.0009727,0.0710091,36
1411,42,C,73,0.1391878,0.0000587,0.0042839,45
1412,41,C,73,0.1424174,0.00006,0.0043833,44
1413,21,C,79,1.0226377,0.0004312,0.0340615,44
1414,21,C,79,0.0169309,0.0000071,0.0005639,44
1415,21,C,79,0.3747779,0.000158,0.0124829,44
1416,21,B,69,0.0021552,0.0000009,0.0000627,46
1417,21,B,69,0.0711874,0.00003,0.0020709,46
1418,21,C,79,0.030231,0.0000127,0.0010069,46
1419,21,D,84,0.0486135,0.0000205,0.0017217,46
1420,41,C,73,0.0543652,0.0000229,0.0016732,46
1421,43,C,73,0.021836,0.0000092,0.0006721,41
1422,43,C,73,0.1205814,0.0000508,0.0037112,41
1423,41,C,73,0.1424174,0.00006,0.0043833,41
1424,41,C,73,0.0003093,0.0000001,0.0000095,40
1425,41,D,79,0.1421624,0.0000599,0.0047351,40
1426,21,C,79,0.1999778,0.0000843,0.0066608,44
1427,21,C,79,0.022417,0.0000095,0.0007467,44
1428,21,C,79,0.0544331,0.0000229,0.001813,44
1429,21,C,79,0.1679617,0.0000708,0.0055944,44
1430,43,C,73,0.612151,0.0002581,0.0188406,46
1431,43,C,73,0.3082474,0.00013,0.0094872,46
1432,43,D,79,0.3399114,0.0001433,0.0113216,46
1433,22,C,79,5.9573216,0.0025117,0.1984233,36
1434,22,C,79,0.0042545,0.0000018,0.0001417,36
1435,22,C,79,0.2320771,0.0000978,0.0077299,36
1436,22,,,1.1450421,0.0004828,,45
1437,22,C,79,6.4390669,0.0027148,0.214469,40
1438,22,D,84,0.1658907,0.0000699,0.0058751,40
1439,21,C,79,0.0418799,0.0000177,0.0013949,44
1440,21,C,79,0.0554759,0.0000234,0.0018478,44
1441,21,D,84,0.0451159,0.000019,0.0015978,44
1442,22,C,79,0.7632341,0.0003218,0.0254214,38
1443,22,C,79,0.9525075,0.0004016,0.0317256,46
1444,22,C,79,17.2676773,0.0072803,0.5751425,38
1445,22,B,69,2.4566779,0.0010358,0.071468,38
1446,22,B,69,0.0770976,0.0000325,0.0022429,46
1447,43,C,73,0.6671845,0.0002813,0.0205345,46
1448,21,C,79,0.0855382,0.0000361,0.0028491,46
1449,21,C,79,0.0666488,0.0000281,0.0022199,46
1450,43,C,73,0.6957605,0.0002933,0.021414,46
1451,43,C,73,1.0795927,0.0004552,0.0332275,46
1452,43,C,73,0.5513485,0.0002325,0.0169693,46
1453,41,C,73,0.2758182,0.0001163,0.0084891,41
1454,41,D,79,0.4941479,0.0002083,0.0164588,41
1455,52,C,73,0.0445977,0.0000188,0.0013726,41
1456,52,D,79,0.1777971,0.000075,0.005922,41
1457,21,C,79,0.9159127,0.0003862,0.0305067,40
1458,21,C,79,0.1502413,0.0000633,0.0050042,40
1459,21,D,84,0.0721536,0.0000304,0.0025554,40
1460,41,C,73,0.2706324,0.0001141,0.0083295,44
1461,41,,,0.4377306,0.0001846,,44
1462,41,C,73,0.8317954,0.0003507,0.0256008,44
1463,41,D,79,0.1962309,0.0000827,0.006536,44
1464,21,,,0.4370835,0.0001843,,44
1465,21,C,79,0.8850147,0.0003731,0.0294776,44
1466,21,C,79,0.1424717,0.0000601,0.0047454,38
1467,21,C,79,0.0145219,0.0000061,0.0004837,46
1468,21,C,79,0.0273958,0.0000116,0.0009125,46
1469,43,C,73,0.3300854,0.0001392,0.0101593,41
1470,43,C,73,0.3370991,0.0001421,0.0103752,41
1471,41,C,73,0.2223948,0.0000938,0.0068448,41
1472,41,C,73,0.2110286,0.000089,0.006495,45
1473,41,,,0.2337611,0.0000986,,45
1474,22,C,79,0.2223948,0.0000938,0.0074074,45
1475,22,C,79,1.2256421,0.0005167,0.040823,40
1476,41,C,73,0.1519209,0.0000641,0.0046758,40
1477,41,D,79,0.070474,0.0000297,0.0023473,40
1478,41,C,73,0.1987681,0.0000838,0.0061176,40
1479,41,C,73,0.0125658,0.0000053,0.0003867,40
1480,41,D,79,0.7546712,0.0003182,0.0251362,40
1481,41,C,73,0.3679858,0.0001551,0.0113258,40
1482,41,D,79,0.3054678,0.0001288,0.0101744,40
1483,21,,,0.1336182,0.0000563,,44
1484,21,C,79,0.0887766,0.0000374,0.0029569,44
1485,21,C,79,0.0973865,0.0000411,0.0032437,46
1486,52,C,73,0.0552225,0.0000233,0.0016996,41
1487,52,C,73,0.8343568,0.0003518,0.0256797,41
1488,41,C,73,0.2223948,0.0000938,0.0068448,40
1489,21,C,79,0.2223948,0.0000938,0.0074074,44
1490,21,C,79,0.2223948,0.0000938,0.0074074,46
1491,41,C,73,0.0433623,0.0000183,0.0013346,46
1492,41,C,73,0.1088248,0.0000459,0.0033494,46
1493,21,C,79,0.3449362,0.0001454,0.0114889,41
1494,21,,,0.554609,0.0002338,,41
1495,21,D,84,0.4348239,0.0001833,0.0153995,41
1496,22,C,79,0.0209648,0.0000088,0.0006983,45
1497,22,C,79,0.0048375,0.000002,0.0001611,45
1498,22,,,0.863777,0.0003642,,45
1499,41,C,73,0.0943944,0.0000398,0.0029053,45
1500,41,C,73,0.5269646,0.0002222,0.0162188,45
1501,22,C,79,0.0135066,0.0000057,0.0004499,40
1502,22,D,84,0.1289651,0.0000544,0.0045674,40
1503,21,C,79,0.296201,0.0001249,0.0098657,46
1504,21,C,79,0.2026912,0.0000855,0.0067511,46
1505,21,C,79,0.3906872,0.0001647,0.0130128,46
1506,21,C,79,0.0036885,0.0000016,0.0001229,41
1507,21,,,0.2187063,0.0000922,,41
1508,41,C,73,0.1991658,0.000084,0.0061299,45
1509,41,C,73,0.0232291,0.0000098,0.0007149,45
1510,43,C,73,1.3174038,0.0005554,0.0405468,40
1511,43,C,73,0.1424717,0.0000601,0.004385,44
1512,41,C,73,1.5489857,0.0006531,0.0476743,41
1513,41,C,73,0.1609099,0.0000678,0.0049524,41
1514,22,C,79,0.5974351,0.0002519,0.019899,45
1515,22,D,84,0.4447897,0.0001875,0.0157525,40
1516,21,C,79,0.9650741,0.0004069,0.0321442,45
1517,21,C,79,0.283527,0.0001195,0.0094436,45
1518,21,,,0.123992,0.0000523,,45
1519,41,C,73,1.4801334,0.000624,0.0455552,44
1520,41,C,73,0.4236093,0.0001786,0.0130378,44
1521,41,,,0.0166676,0.000007,,44
1522,41,D,79,0.3152661,0.0001329,0.0105007,44
1523,21,C,79,0.8356055,0.0003523,0.0278319,46
1524,21,C,79,1.6044657,0.0006765,0.0534407,46
1525,21,C,79,0.3759423,0.0001585,0.0125217,46
1526,21,,,0.1673631,0.0000706,,41
1527,41,C,73,0.655907,0.0002765,0.0201874,41
1528,41,C,73,1.0302551,0.0004344,0.031709,41
1529,41,,,0.8746545,0.0003688,,41
1530,22,C,79,1.5567639,0.0006564,0.0518519,45
1531,23,C,79,0.6189409,0.000261,0.0206154,45
1532,23,,,0.0024181,0.000001,,45
1533,21,C,79,0.6671845,0.0002813,0.0222222,45
1534,21,C,79,0.1424174,0.00006,0.0047436,45
1535,22,C,79,0.9074616,0.0003826,0.0302252,43
1536,22,D,84,0.0503671,0.0000212,0.0017838,47
1537,21,C,79,1.214047,0.0005119,0.0404368,44
1538,21,C,79,0.5759498,0.0002428,0.0191834,43
1539,21,D,84,1.5476633,0.0006525,0.0548113,44
1540,43,C,73,0.2180375,0.0000919,0.0067107,44
1541,43,C,73,0.449147,0.0001894,0.0138237,44
1542,52,C,73,1.2106539,0.0005104,0.0372612,44
1543,52,C,73,0.4043535,0.0001705,0.0124451,44
1544,52,C,73,0.5902579,0.0002489,0.0181668,44
1545,52,,,0.0186832,0.0000079,,44
1546,21,C,79,1.4142191,0.0005963,0.047104,46
1547,21,C,79,0.2596152,0.0001095,0.0086471,46
1548,22,C,79,0.5148285,0.0002171,0.0171476,45
1549,22,,,1.4243581,0.0006005,,45
1550,22,C,79,0.0276474,0.0000117,0.0009209,47
1551,22,C,79,0.5084662,0.0002144,0.0169357,47
1552,22,D,84,0.1310709,0.0000553,0.0046419,47
1553,21,C,79,0.4495865,0.0001896,0.0149746,47
1554,21,D,84,0.4399929,0.0001855,0.0155826,47
1555,22,C,79,0.000392,0.0000002,0.0000131,44
1556,21,C,79,0.1068234,0.000045,0.003558,46
1557,21,C,79,0.0356483,0.000015,0.0011874,46
1558,24,C,,0.3953977,0.0001667,,45
1559,23,C,79,0.3953977,0.0001667,0.0131697,45
1560,22,C,79,0.0798004,0.0000336,0.0026579,45
1561,41,C,73,1.085282,0.0004576,0.0334026,45
1562,21,C,79,0.0077712,0.0000033,0.0002588,43
1563,21,C,79,0.167544,0.0000706,0.0055805,43
1564,21,C,79,0.0470796,0.0000198,0.0015681,43
1565,22,C,79,0.3017889,0.0001272,0.0100518,46
1566,22,C,79,13.529335,0.0057041,0.4506278,46
1567,22,D,84,0.0234332,0.0000099,0.0008299,46
1568,21,C,79,0.2223948,0.0000938,0.0074074,46
1569,22,C,79,0.0739147,0.0000312,0.0024619,46
1570,22,C,79,0.068557,0.0000289,0.0022835,46
1571,22,C,79,0.5675251,0.0002393,0.0189028,46
1572,22,C,79,0.0172658,0.0000073,0.0005751,46
1573,21,C,79,4.3895702,0.0018507,0.1462054,46
1574,21,C,79,1.1212156,0.0004727,0.0373448,46
1575,22,C,79,0.085867,0.0000362,0.00286,46
1576,41,C,73,0.0161763,0.0000068,0.0004979,47
1577,21,C,79,0.0331812,0.000014,0.0011052,47
1578,21,D,84,0.1092362,0.0000461,0.0038687,47
1579,41,C,73,0.2206547,0.000093,0.0067913,43
1580,41,C,73,0.0088617,0.0000037,0.0002727,43
1581,41,C,73,1.0307934,0.0004346,0.0317255,43
1582,41,C,73,0.1845446,0.0000778,0.0056799,44
1583,41,C,73,1.4108686,0.0005948,0.0434234,44
1584,41,C,73,0.0851868,0.0000359,0.0026219,44
1585,41,,,0.217431,0.0000917,,44
1586,22,C,79,0.0656866,0.0000277,0.0021879,46
1587,22,C,79,0.0767851,0.0000324,0.0025575,46
1588,21,C,79,1.3655592,0.0005757,0.0454833,31
1589,21,C,79,0.4687397,0.0001976,0.0156125,31
1590,21,C,79,0.0041833,0.0000018,0.0001393,31
1591,21,C,79,0.0033022,0.0000014,0.00011,31
1592,21,C,79,2.4367731,0.0010274,0.0811627,21
1593,21,C,79,1.0866771,0.0004582,0.0361945,31
1594,21,C,79,0.1319296,0.0000556,0.0043942,21
1595,21,C,79,56.6892586,0.023901,1.8881752,31
1596,21,C,79,15.4390745,0.0065093,0.5142363,35
1597,21,C,79,4.1349955,0.0017434,0.1377262,31
1598,21,,,3.0611098,0.0012906,,35
1599,21,D,84,1.7180511,0.0007244,0.0608457,31
1600,21,C,79,0.302646,0.0001276,0.0100804,21
1601,21,C,79,4.359766,0.0018381,0.1452127,26
1602,21,C,79,13.2132282,0.0055709,0.4400991,10
1603,21,D,84,1.2940114,0.0005456,0.0458281,41
1604,21,D,84,12.4287453,0.0052401,0.4401706,26
1605,21,D,84,5.2388864,0.0022088,0.1855379,35
1606,21,D,84,0.0989935,0.0000417,0.0035059,10
1607,21,D,84,7.1542702,0.0030163,0.2533723,35
1608,21,D,84,1.437255,0.000606,0.0509011,10
1609,21,D,84,1.5645832,0.0006596,0.0554105,10
1610,23,C,79,0.8836391,0.0003726,0.0294318,45
1611,23,C,79,0.0194433,0.0000082,0.0006476,45
1612,23,,,12.7670631,0.0053828,,37
1613,21,C,79,0.2944915,0.0001242,0.0098088,46
1614,21,C,79,0.0091973,0.0000039,0.0003063,46
1615,21,C,79,0.2412343,0.0001017,0.0080349,46
1616,22,C,79,0.031174,0.0000131,0.0010383,43
1617,22,C,79,2.1235912,0.0008953,0.0707314,43
1618,22,C,79,1.130444,0.0004766,0.0376522,43
1619,22,D,84,0.576658,0.0002431,0.0204226,43
1620,22,C,79,0.0511569,0.0000216,0.0017039,44
1621,22,C,79,1.1846385,0.0004995,0.0394573,44
1622,22,C,79,2.8292933,0.0011929,0.0942366,44
1623,22,,,5.5591011,0.0023438,,44
1624,22,C,79,2.7896509,0.0011762,0.0929162,44
1625,22,D,84,3.2715492,0.0013793,0.1158636,44
1626,22,C,79,0.9978448,0.0004207,0.0332357,47
1627,41,C,73,1.4028071,0.0005914,0.0431753,47
1628,41,C,73,0.0001709,0.0000001,0.0000053,47
1629,41,D,79,3.5534801,0.0014982,0.1183574,47
1630,41,D,79,1.4304438,0.0006031,0.0476444,47
1631,41,C,73,0.0247544,0.0000104,0.0007619,46
1632,41,C,73,0.3590823,0.0001514,0.0110518,46
1633,41,C,73,0.4622901,0.0001949,0.0142283,46
1634,41,D,79,1.0229179,0.0004313,0.0340708,46
1635,21,C,79,0.0490821,0.0000207,0.0016348,46
1636,21,C,79,0.1620005,0.0000683,0.0053958,46
1637,21,C,79,2.5666811,0.0010821,0.0854896,46
1638,41,C,73,0.5662999,0.0002388,0.0174295,46
1639,41,C,73,0.2468312,0.0001041,0.0075969,46
1640,22,C,79,0.2223948,0.0000938,0.0074074,46
1641,21,C,79,2.9681876,0.0012514,0.0988628,47
1642,21,D,84,1.1455741,0.000483,0.0405711,47
1643,21,C,79,3.5899961,0.0015136,0.1195737,46
1644,21,C,79,0.0579827,0.0000244,0.0019313,46
1645,21,D,84,0.5112683,0.0002156,0.0181068,46
1646,22,C,79,0.1930981,0.0000814,0.0064316,46
1647,41,C,73,0.2119585,0.0000894,0.0065236,46
1648,21,C,79,0.5475618,0.0002309,0.0182379,46
1649,21,C,79,1.2480029,0.0005262,0.0415678,46
1650,21,C,79,1.2355129,0.0005209,0.0411518,46
1651,21,D,84,0.8143954,0.0003434,0.0288422,46
1652,23,C,79,2.2277429,0.0009392,0.0742005,46
1653,21,C,79,0.000484,0.0000002,0.0000161,47
1654,21,D,84,0.2219108,0.0000936,0.0078591,47
1655,22,C,79,0.0057691,0.0000024,0.0001922,41
1656,22,C,79,0.1646444,0.0000694,0.0054839,45
1657,22,C,79,0.0113506,0.0000048,0.0003781,41
1658,22,,,5.4947753,0.0023167,,45
1659,22,D,84,0.1555358,0.0000656,0.0055084,41
1660,21,C,79,0.009408,0.000004,0.0003134,46
1661,23,C,79,1.8248007,0.0007694,0.0607795,47
1662,23,D,84,0.1347711,0.0000568,0.004773,47
1663,22,C,79,0.2223948,0.0000938,0.0074074,47
1664,21,C,79,0.5174839,0.0002182,0.0172361,47
1665,21,D,84,0.8168851,0.0003444,0.0289304,47
1666,52,D,79,0.2223948,0.0000938,0.0074074,47
1667,41,C,73,0.4824808,0.0002034,0.0148497,47
1668,41,D,79,4.0962772,0.001727,0.1364366,47
1669,21,C,79,2.6208293,0.001105,0.0872932,46
1670,21,C,79,0.0040544,0.0000017,0.000135,46
1671,21,C,79,0.0000928,0,0.0000031,46
1672,21,C,79,0.5329392,0.0002247,0.0177509,46
1673,21,C,79,0.492563,0.0002077,0.016406,46
1674,21,C,79,0.6810817,0.0002872,0.0226851,46
1675,21,D,84,0.5578482,0.0002352,0.0197565,46
1676,23,,,0.1303613,0.000055,,45
1677,22,C,79,0.3195905,0.0001347,0.0106447,47
1678,22,D,84,1.7087018,0.0007204,0.0605146,47
1679,22,D,84,0.0384856,0.0000162,0.001363,47
1680,22,C,79,0.5969564,0.0002517,0.0198831,47
1681,22,C,79,0.4889,0.0002061,0.016284,47
1682,22,D,84,0.2001424,0.0000844,0.0070881,47
1683,21,C,79,0.1635505,0.000069,0.0054475,47
1684,21,D,84,0.0949238,0.00004,0.0033618,47
1685,52,C,73,0.8147691,0.0003435,0.0250768,47
1686,52,D,79,0.9283102,0.0003914,0.0309197,47
1687,41,C,73,0.7024361,0.0002962,0.0216194,47
1688,41,D,79,0.1871433,0.0000789,0.0062333,47
1689,21,C,79,0.2133895,0.00009,0.0071075,47
1690,21,D,84,0.453795,0.0001913,0.0160714,47
1691,21,C,79,0.4447897,0.0001875,0.0148148,47
1692,21,D,84,0.2223948,0.0000938,0.0078762,47
1693,21,C,79,2.1952679,0.0009256,0.0731188,47
1694,21,D,84,0.068516,0.0000289,0.0024265,47
1695,52,C,73,0.5641744,0.0002379,0.017364,47
1696,52,D,79,0.1030101,0.0000434,0.003431,47
1697,23,C,79,0.6606693,0.0002785,0.0220052,47
1698,23,D,84,0.1548074,0.0000653,0.0054826,47
1699,24,C,,0.097851,0.0000413,,47
1700,24,D,,0.1245439,0.0000525,,47
1701,21,C,79,0.0036889,0.0000016,0.0001229,47
1702,21,D,84,0.1484981,0.0000626,0.0052591,47
1703,21,C,79,0.2223948,0.0000938,0.0074074,47
1704,23,C,79,0.1576896,0.0000665,0.0052522,47
1705,21,C,79,0.2223948,0.0000938,0.0074074,47
1706,52,C,73,0.2223948,0.0000938,0.0068448,47
1707,52,C,73,0.2223948,0.0000938,0.0068448,47
1708,24,C,,0.8903084,0.0003754,,47
1709,24,D,,0.0014207,0.0000006,,47
1710,41,C,73,2.2721698,0.000958,0.0699323,47
1711,52,C,73,0.1424717,0.0000601,0.004385,47
1712,52,C,73,0.3201541,0.000135,0.0098536,47
1713,21,C,79,2.5641506,0.0010811,0.0854053,47
1714,23,C,79,6.0985622,0.0025712,0.2031276,47
1715,23,D,84,2.2662313,0.0009555,0.0802598,47
1716,21,C,79,1.026278,0.0004327,0.0341827,36
1717,21,C,79,0.6077526,0.0002562,0.0202427,36
1718,21,B,69,3.8110485,0.0016068,0.1108685,36
1719,21,C,79,0.0007303,0.0000003,0.0000243,36
1720,21,C,79,0.0069034,0.0000029,0.0002299,44
1721,21,C,79,1.9683603,0.0008299,0.0655611,44
1722,21,C,79,5.1464071,0.0021698,0.1714138,40
1723,21,C,79,2.2618103,0.0009536,0.0753352,43
1724,21,C,79,4.8850746,0.0020596,0.1627094,36
1725,21,C,79,1.167878,0.0004924,0.038899,36
1726,21,C,79,0.1978482,0.0000834,0.0065898,36
1727,21,A,49,0.0017347,0.0000007,0.0000358,36
1728,21,,,0.2049518,0.0000864,,44
1729,21,C,79,1.7337731,0.000731,0.0577476,36
1730,21,C,79,2.5202191,0.0010626,0.0839421,44
1731,21,D,84,14.2810764,0.0060211,0.5057719,43
1732,22,C,79,1.0466664,0.0004413,0.0348618,47
1733,41,C,73,0.2896855,0.0001221,0.0089159,30
1734,41,C,73,6.4036641,0.0026999,0.1970906,38
1735,41,C,73,7.8108826,0.0032932,0.2404016,46
1736,41,C,73,17.0469017,0.0071872,0.5246658,46
1737,41,C,73,1.740766,0.0007339,0.0535769,46
1738,41,C,73,8.6462936,0.0036454,0.2661137,46
1739,41,C,73,7.7749662,0.003278,0.2392962,46
1740,41,C,73,3.9091032,0.0016481,0.1203135,46
1741,41,C,73,2.8120193,0.0011856,0.0865477,38
1742,41,C,73,2.3380868,0.0009858,0.0719611,38
1743,41,C,73,2.5091939,0.0010579,0.0772274,44
1744,41,C,73,1.4431138,0.0006084,0.0444158,46
1745,41,C,73,3.4400835,0.0014504,0.1058781,46
1746,41,A,36,3.8512125,0.0016237,0.058454,38
1747,41,A,36,1.851518,0.0007806,0.0281025,38
1748,41,A,36,1.4186379,0.0005981,0.0215322,30
1749,41,B,60,7.0700064,0.0029808,0.1788486,38
1750,41,B,60,6.1080122,0.0025752,0.1545132,46
1751,41,C,73,4.9601126,0.0020912,0.1526612,46
1752,41,B,60,1.1596397,0.0004889,0.0293352,38
1753,41,B,60,4.4296575,0.0018676,0.1120562,38
1754,41,C,73,0.5862758,0.0002472,0.0180443,46
1755,41,C,73,7.296958,0.0030765,0.2245842,46
1756,41,C,73,2.0710204,0.0008732,0.0637414,46
1757,41,B,60,8.1012907,0.0034156,0.2049368,38
1758,41,B,60,5.437078,0.0022923,0.1375407,46
1759,41,B,60,1.7469144,0.0007365,0.0441914,30
1760,41,A,36,1.4361205,0.0006055,0.0217976,38
1761,41,C,73,2.445821,0.0010312,0.0752769,46
1762,41,B,60,3.9577255,0.0016686,0.1001178,46
1763,41,B,60,8.1162643,0.0034219,0.2053156,46
1764,41,,,0.9517649,0.0004013,,44
1765,41,B,60,0.2963425,0.0001249,0.0074965,32
1766,41,C,73,36.439743,0.0153635,1.1215343,46
1767,41,B,60,1.9361371,0.0008163,0.0489781,46
1768,41,D,79,0.7591718,0.0003201,0.0252861,46
1769,41,D,79,2.4526582,0.0010341,0.0816918,46
1770,41,D,79,1.9704156,0.0008308,0.0656295,46
1771,41,C,73,2.159049,0.0009103,0.0664507,44
